Order Date,Ship Mode,Segment,Region,Category,Sub-Category,Sales,Quantity,Discount,Profit
2016-11-08,2,0,2,0,0,261.96,2,0.0,41.9136
2016-11-08,2,0,2,0,1,731.94,3,0.0,219.582
2015-10-11,3,0,2,0,3,957.5775,5,0.45,-383.031
2014-06-09,3,0,3,0,2,48.86,7,0.0,14.1694
2014-06-09,3,0,3,0,3,1706.184,9,0.2,85.3092
2017-07-16,2,0,1,0,1,71.372,2,0.3,-1.0196
2015-09-25,3,0,3,0,3,1044.63,3,0.0,240.2649
2015-09-17,3,0,1,0,0,3083.43,7,0.5,-1665.0522
2015-09-17,3,0,1,0,2,124.2,3,0.2,15.525
2016-12-08,0,1,0,0,2,190.92,5,0.6,-147.963
2015-12-27,3,2,0,0,0,532.3992,3,0.32,-46.9764
2015-12-27,3,2,0,0,1,212.058,3,0.3,-15.147
2015-04-18,3,0,0,0,2,6.16,2,0.0,2.9568
2015-04-18,3,0,0,0,1,89.99,1,0.0,17.0981
2016-06-17,0,0,1,0,1,319.41,5,0.1,7.098
2015-11-24,3,0,3,0,2,79.76,4,0.0,22.3328
2015-04-30,3,2,0,0,1,213.115,5,0.3,-15.2225
2015-04-26,3,0,2,0,1,831.936,8,0.2,-114.3912
2015-04-26,3,0,2,0,2,97.04,2,0.2,1.213
2017-12-09,0,1,0,0,2,9.708,3,0.6,-5.8248
2014-11-26,2,0,0,0,2,19.3,5,0.6,-14.475
2017-05-28,2,0,2,0,1,301.96,2,0.0,33.2156
2015-01-31,2,0,0,0,2,53.34,3,0.0,16.5354
2017-11-09,2,2,1,0,2,96.53,7,0.0,40.5426
2015-11-13,3,0,3,0,2,102.36,3,0.2,-3.8385
2017-12-25,3,1,1,0,2,41.96,2,0.0,10.9096
2015-03-02,3,0,3,0,3,787.53,3,0.0,165.3813
2016-06-12,0,0,1,0,2,47.04,3,0.0,18.3456
2014-12-26,2,2,0,0,1,600.558,3,0.3,-8.5794
2014-09-20,3,0,0,0,3,617.7,6,0.5,-407.682
2016-11-06,2,2,3,0,1,81.424,2,0.2,-9.1602
2016-11-06,2,2,3,0,2,238.56,3,0.0,26.2416
2016-10-13,3,0,3,0,2,43.12,14,0.0,20.6976
2016-09-05,2,1,1,0,2,82.8,2,0.2,10.35
2014-10-22,3,2,1,0,2,93.888,4,0.2,12.9096
2016-12-05,3,1,0,0,1,1951.84,8,0.0,585.552
2014-03-01,2,0,3,0,1,457.568,2,0.2,51.4764
2014-09-08,3,0,0,0,1,1740.06,9,0.3,-24.858
2014-08-05,3,0,3,0,1,340.144,7,0.2,21.259
2015-11-21,2,0,1,0,1,396.802,7,0.3,-11.3372
2015-10-12,0,2,1,0,0,899.136,4,0.2,112.392
2015-10-12,0,2,1,0,0,626.352,3,0.2,46.9764
2014-08-03,0,0,3,0,3,218.75,2,0.5,-161.875
2017-06-03,3,1,2,0,2,35.168,7,0.2,9.6712
2015-01-02,3,1,1,0,0,452.45,5,0.5,-244.323
2015-12-24,0,0,1,0,2,72.704,4,0.2,19.0848
2015-08-09,3,1,0,0,3,622.45,5,0.0,136.939
2015-02-28,3,0,2,0,1,161.568,2,0.2,-28.2744
2015-02-28,3,0,2,0,1,389.696,8,0.2,43.8408
2017-04-07,3,2,2,0,3,233.86,2,0.45,-102.048
2017-04-07,3,2,2,0,3,620.6145,3,0.45,-248.2458
2017-04-07,3,2,2,0,2,258.072,3,0.2,0.0
2016-06-04,2,0,0,0,2,419.68,5,0.6,-356.728
2016-06-04,2,0,0,0,2,11.688,3,0.6,-4.6752
2016-06-04,2,0,0,0,3,177.225,5,0.5,-120.513
2016-06-04,2,0,0,0,2,4.044,3,0.6,-2.8308
2014-06-01,2,2,0,0,1,2001.86,7,0.0,580.5394
2016-12-10,2,0,3,0,1,321.568,2,0.2,28.1372
2015-11-28,3,1,0,0,2,12.132,9,0.6,-8.4924
2015-07-30,0,0,3,0,2,5.28,3,0.0,2.3232
2015-11-02,3,0,3,0,3,1038.84,5,0.2,51.942
2016-11-20,2,2,1,0,0,86.97,3,0.5,-48.7032
2014-12-26,0,1,3,0,2,300.416,8,0.2,78.8592
2014-12-26,0,1,3,0,1,230.352,3,0.2,20.1558
2014-12-26,0,1,3,0,2,218.352,3,0.2,-24.5646
2016-10-28,3,1,1,0,2,77.6,4,0.0,38.024
2017-11-19,3,0,0,0,3,219.075,3,0.5,-131.445
2015-05-04,2,1,1,0,2,26.8,2,0.0,12.864
2016-09-12,2,1,3,0,2,15.136,4,0.2,3.5948
2016-09-12,2,1,3,0,1,466.768,2,0.2,52.5114
2016-09-12,2,1,3,0,2,15.232,1,0.2,1.7136
2014-09-27,3,1,1,0,2,87.54,3,0.0,37.6422
2014-11-04,3,2,1,0,1,135.882,1,0.1,24.1568
2017-11-03,2,1,2,0,2,15.992,1,0.2,0.9995
2016-08-30,0,0,1,0,1,786.744,4,0.3,-258.5016
2014-07-12,3,1,3,0,3,698.352,3,0.2,-17.4588
2016-04-08,3,0,1,0,0,388.704,6,0.2,-4.8588
2017-09-25,3,0,1,0,1,488.646,3,0.1,86.8704
2017-09-25,3,0,1,0,2,47.12,8,0.0,20.7328
2016-10-21,1,1,1,0,0,1043.92,4,0.0,271.4192
2017-08-27,3,1,1,0,3,1488.424,7,0.3,-297.6848
2015-11-27,3,0,2,0,3,375.4575,3,0.45,-157.0095
2015-12-03,3,1,1,0,2,2.96,1,0.2,0.777
2016-09-08,2,0,0,0,0,2396.2656,4,0.32,-317.1528
2017-12-08,3,0,3,0,3,1004.024,7,0.2,-112.9527
2017-12-08,3,0,3,0,0,1336.829,13,0.15,31.4548
2017-12-08,3,0,3,0,1,113.568,2,0.2,-18.4548
2017-11-03,3,1,3,0,1,307.136,4,0.2,26.8744
2016-04-14,3,0,3,0,1,383.8,5,0.2,38.38
2017-10-19,3,1,1,0,2,56.56,4,0.0,14.7056
2017-08-21,2,0,2,0,1,866.4,4,0.0,225.264
2017-11-23,2,1,0,0,2,28.4,2,0.0,11.076
2017-01-20,2,1,1,0,1,207.846,3,0.1,2.3094
2016-09-05,2,0,0,0,2,12.22,1,0.0,3.666
2016-09-05,2,0,0,0,1,242.94,3,0.0,29.1528
2017-03-20,2,0,0,0,2,2.91,1,0.0,1.3677
2017-10-20,3,1,1,0,3,284.364,2,0.4,-75.8304
2014-02-12,3,0,3,0,1,129.568,2,0.2,-24.294
2016-09-26,3,0,0,0,1,747.558,3,0.3,-96.1146
2016-04-22,3,2,3,0,2,23.56,5,0.2,7.068
2016-04-22,3,2,3,0,3,1272.63,6,0.5,-814.4832
2015-01-17,3,2,0,0,2,254.744,7,0.6,-312.0614
2017-03-31,3,1,0,0,0,205.3328,2,0.32,-36.2352
2014-11-09,2,0,3,0,0,222.666,2,0.15,10.4784
2016-10-27,3,0,1,0,2,40.2,3,0.0,19.296
2017-06-10,0,2,3,0,0,514.165,5,0.15,-30.245
2016-03-18,2,0,2,0,3,189.882,3,0.4,-94.941
2016-07-25,3,0,3,0,2,255.76,4,0.0,81.8432
2016-07-25,3,0,3,0,1,241.568,2,0.2,18.1176
2016-07-25,3,0,3,0,2,69.3,9,0.0,22.869
2016-05-30,3,1,3,0,1,801.568,2,0.2,50.098
2017-11-26,0,0,0,0,2,126.3,3,0.0,40.416
2017-01-23,0,1,0,0,3,210.98,2,0.0,21.098
2017-10-21,3,2,2,0,1,683.952,3,0.2,42.747
2017-10-21,3,2,2,0,2,45.696,3,0.2,5.1408
2015-11-07,2,1,3,0,1,190.72,1,0.2,11.92
2017-09-07,3,0,3,0,2,47.94,3,0.0,2.397
2015-12-07,3,0,2,0,1,283.92,4,0.0,70.98
2014-05-11,3,0,0,0,2,66.112,4,0.6,-84.2928
2016-04-15,2,0,3,0,1,1121.568,2,0.2,0.0
2017-09-11,0,0,2,0,2,34.504,1,0.2,6.0382
2016-06-10,3,0,3,0,3,1335.68,4,0.2,-217.048
2017-11-20,2,0,3,0,2,42.6,3,0.0,16.614
2014-09-14,2,0,2,0,2,13.128,3,0.2,3.7743
2017-10-01,3,1,3,0,1,451.152,3,0.2,0.0
2017-07-20,3,0,0,0,2,8.792,1,0.6,-5.7148
2015-07-03,3,0,2,0,1,70.98,1,0.0,4.9686
2014-08-08,3,0,3,0,2,327.76,8,0.0,91.7728
2014-03-15,3,0,2,0,2,45.696,3,0.2,5.1408
2017-08-18,2,1,1,0,2,40.48,2,0.0,15.7872
2017-08-18,2,1,1,0,2,9.94,2,0.0,3.0814
2017-08-18,2,1,1,0,2,88.02,3,0.0,27.2862
2015-11-29,3,1,0,0,1,301.96,2,0.0,87.5684
2017-09-15,3,2,1,0,2,35.56,7,0.0,12.0904
2015-10-04,2,1,2,0,1,392.94,3,0.0,43.2234
2016-05-20,3,2,3,0,2,1049.2,5,0.0,272.792
2016-12-18,3,1,0,0,2,18.84,3,0.0,6.0288
2016-12-11,2,1,3,0,2,14.8,4,0.0,6.068
2016-09-19,1,2,0,0,1,701.372,2,0.3,-50.098
2015-08-24,3,0,0,0,3,918.785,5,0.3,-118.1295
2014-12-24,0,0,1,0,2,30.36,5,0.2,8.7285
2017-06-09,3,2,0,0,2,23.976,3,0.6,-14.3856
2017-06-09,3,2,0,0,3,108.925,1,0.5,-71.8905
2017-03-18,3,0,0,0,2,82.524,3,0.6,-41.262
2017-12-25,3,0,1,0,0,191.984,2,0.2,4.7996
2014-06-21,2,0,2,0,2,104.01,1,0.0,14.5614
2017-09-02,3,1,1,0,2,15.072,3,0.2,4.1448
2016-11-04,2,1,3,0,2,209.88,3,0.0,35.6796
2015-04-09,3,0,3,0,3,369.912,3,0.2,-13.8717
2014-12-02,0,0,1,0,0,883.92,5,0.2,-110.49
2014-01-11,0,0,1,0,2,9.94,2,0.0,3.0814
2017-09-24,3,0,1,0,2,103.056,3,0.2,24.4758
2014-06-02,3,2,3,0,2,73.32,6,0.0,21.996
2016-12-15,3,1,0,0,3,1652.94,3,0.0,231.4116
2014-10-07,3,2,1,0,2,129.92,5,0.2,21.112
2016-12-03,0,0,1,0,3,400.032,2,0.4,-153.3456
2016-12-03,0,0,1,0,1,542.646,3,0.1,102.4998
2017-01-21,3,2,3,0,0,84.98,1,0.0,18.6956
2014-05-27,1,1,3,0,3,567.12,10,0.2,-28.356
2017-10-02,3,0,0,0,2,157.74,11,0.0,56.7864
2015-12-07,3,0,3,0,2,79.92,4,0.0,28.7712
2016-09-18,3,1,2,0,3,383.438,4,0.45,-167.3184
2014-05-14,3,1,2,0,2,310.88,2,0.2,23.316
2016-05-19,3,0,2,0,1,641.96,2,0.0,179.7488
2017-01-30,3,1,0,0,2,34.58,7,0.0,14.5236
2015-08-21,0,2,3,0,1,544.008,3,0.2,40.8006
2015-10-03,2,0,1,0,0,35.49,1,0.5,-15.6156
2015-12-12,3,0,3,0,1,348.928,2,0.2,34.8928
2015-06-26,3,0,2,0,1,332.94,3,0.0,79.9056
2015-11-27,3,0,3,0,1,283.92,5,0.2,17.745
2017-02-20,0,1,3,0,2,22.23,1,0.0,7.3359
2017-04-22,0,0,3,0,2,18.28,2,0.0,6.2152
2015-02-03,0,0,0,0,2,28.4,2,0.0,11.076
2014-10-13,0,0,3,0,3,1298.55,5,0.0,311.652
2017-05-14,1,0,3,0,2,18.28,2,0.0,6.2152
2014-06-28,3,0,1,0,1,1228.465,5,0.3,0.0
2017-06-16,2,0,2,0,1,301.96,2,0.0,90.588
2015-11-20,3,1,1,0,0,186.048,4,0.2,9.3024
2015-10-13,3,0,2,0,1,287.94,3,0.0,77.7438
2017-01-01,3,0,1,0,2,48.896,4,0.2,8.5568
2016-02-19,3,0,1,0,2,44.46,2,0.0,14.6718
2014-01-10,3,1,2,0,2,51.94,1,0.0,21.2954
2016-01-17,3,2,1,0,2,322.59,3,0.0,64.518
2017-11-30,2,2,1,0,1,1242.9,5,0.1,262.39
2016-10-22,0,2,0,0,2,31.4,5,0.0,10.048
2014-04-29,3,0,1,0,2,17.46,2,0.0,5.9364
2017-12-30,3,0,1,0,0,323.136,4,0.2,12.1176
2015-05-31,3,2,1,0,2,22.2,6,0.0,9.102
2017-11-27,0,1,0,0,2,46.94,1,0.0,19.2454
2014-06-15,3,1,0,0,3,99.918,2,0.3,-18.5562
2014-06-15,3,1,0,0,1,797.944,4,0.3,-56.996
2016-12-13,3,1,3,0,3,1114.272,4,0.2,41.7852
2015-07-26,0,0,3,0,3,393.165,3,0.5,-204.4458
2017-11-28,3,2,1,0,2,516.488,7,0.2,-12.9122
2017-11-28,3,2,1,0,2,1007.232,6,0.2,75.5424
2017-11-28,3,2,1,0,3,2065.32,12,0.4,-619.596
2017-04-03,3,0,1,0,2,25.472,4,0.2,7.6416
2017-12-28,3,0,0,0,0,78.8528,2,0.32,-11.596
2015-09-22,1,0,3,0,2,204.6,2,0.0,53.196
2017-11-14,3,1,3,0,1,321.568,2,0.2,28.1372
2014-01-16,2,0,1,0,2,127.104,6,0.2,28.5984
2016-10-03,3,0,1,0,1,599.292,6,0.1,93.2232
2014-11-11,2,0,3,0,1,603.92,5,0.2,75.49
2017-05-21,3,1,1,0,2,520.05,5,0.0,72.807
2015-03-29,2,2,2,0,1,1166.92,5,0.2,131.2785
2015-10-28,3,0,2,0,2,24.1,5,0.0,9.158
2015-10-28,3,0,2,0,2,33.11,7,0.0,12.9129
2015-07-31,1,0,1,0,3,1090.782,7,0.4,-290.8752
2014-11-24,0,0,3,0,2,151.72,4,0.0,27.3096
2017-06-17,2,0,3,0,2,155.25,3,0.0,46.575
2015-12-21,2,0,3,0,3,1618.37,13,0.0,356.0414
2015-07-06,3,1,1,0,2,13.96,2,0.0,6.7008
2015-07-06,3,1,1,0,2,155.82,3,0.0,63.8862
2015-04-27,3,0,1,0,1,1267.53,3,0.0,316.8825
2014-07-11,3,1,1,0,1,854.94,3,0.0,213.735
2014-07-11,3,1,1,0,2,124.11,9,0.0,52.1262
2016-04-22,3,2,0,0,2,86.62,2,0.0,8.662
2016-03-20,3,2,0,0,3,697.16,4,0.0,146.4036
2016-09-06,2,0,1,0,0,722.352,3,0.2,90.294
2017-10-12,3,2,0,0,1,254.604,14,0.3,-18.186
2016-03-08,3,0,2,0,2,102.36,3,0.2,-3.8385
2015-07-03,0,1,1,0,2,168.464,2,0.2,-29.4812
2015-07-03,0,1,1,0,2,282.888,9,0.2,56.5776
2015-04-04,3,2,1,0,2,108.4,2,0.0,22.764
2015-03-23,3,0,0,0,1,107.772,2,0.3,-29.2524
2016-10-01,0,0,3,0,1,194.848,4,0.2,12.178
2015-11-29,3,1,0,0,1,1106.91,9,0.0,121.7601
2016-03-01,3,0,1,0,3,836.592,8,0.4,-264.9208
2017-06-04,3,1,2,0,2,31.984,2,0.2,1.999
2014-06-25,0,1,3,0,3,447.84,5,0.2,11.196
2016-06-14,0,2,3,0,2,8.73,3,0.0,4.1031
2016-11-19,3,0,0,0,2,2.328,2,0.6,-0.7566
2017-12-18,2,0,3,0,0,119.833,1,0.15,-12.6882
2014-01-20,3,0,2,0,2,38.6,4,0.0,11.58
2014-01-20,3,0,2,0,1,1067.94,3,0.0,224.2674
2016-04-12,3,0,2,0,3,343.92,4,0.0,75.6624
2014-09-29,3,0,3,0,2,204.6,2,0.0,53.196
2015-05-08,3,1,1,0,2,8.352,6,0.2,1.2528
2014-12-20,0,2,2,0,3,2244.48,7,0.0,493.7856
2014-12-20,0,2,2,0,3,455.1,2,0.0,100.122
2016-07-02,2,1,3,0,1,195.184,1,0.2,19.5184
2017-12-08,2,0,1,0,2,109.48,2,0.0,33.9388
2016-12-01,3,0,1,0,1,172.5,2,0.0,51.75
2017-02-26,2,2,3,0,1,892.224,3,0.2,89.2224
2015-09-15,1,1,2,0,2,15.712,4,0.2,2.5532
2015-09-15,1,1,2,0,2,55.968,1,0.2,-2.0988
2016-04-08,3,0,0,0,1,95.984,4,0.3,-4.1136
2016-07-18,3,1,3,0,1,544.008,3,0.2,40.8006
2016-07-18,3,1,3,0,1,854.352,3,0.2,10.6794
2016-07-14,2,1,1,0,0,579.136,4,0.2,21.7176
2017-09-09,3,1,1,0,1,141.372,2,0.3,-48.4704
2017-09-09,3,1,1,0,2,17.024,2,0.2,1.7024
2016-12-04,0,0,1,0,2,113.79,3,0.0,20.4822
2017-11-06,3,0,3,0,2,8.73,1,0.0,2.9682
2016-10-28,1,0,2,0,2,47.952,3,0.2,13.7862
2016-10-28,1,0,2,0,2,63.968,2,0.2,0.0
2016-10-28,1,0,2,0,2,165.048,3,0.2,41.262
2014-08-11,3,0,3,0,2,12.35,1,0.0,5.434
2014-12-12,2,0,3,0,3,764.688,6,0.2,95.586
2014-12-12,2,0,3,0,3,3610.848,12,0.2,135.4068
2014-12-12,2,0,3,0,0,254.9745,3,0.15,11.9988
2017-12-18,3,0,1,0,1,1141.938,9,0.1,139.5702
2017-03-10,3,2,1,0,2,6.696,1,0.2,0.5022
2017-03-10,3,2,1,0,2,43.872,2,0.2,11.5164
2016-10-01,0,0,0,0,2,41.85,5,0.0,10.881
2014-12-24,3,1,3,0,1,292.272,6,0.2,18.267
2017-09-23,3,1,3,0,2,29.328,3,0.2,3.666
2016-05-26,1,0,0,0,1,388.43,5,0.3,-88.784
2016-11-22,3,1,1,0,2,39.88,2,0.0,11.1664
2016-12-23,2,0,2,0,2,572.76,6,0.0,166.1004
2016-12-23,2,0,2,0,2,286.38,3,0.0,83.0502
2015-09-19,2,2,2,0,0,61.96,2,0.0,4.3372
2017-07-03,3,0,2,0,2,23.99,1,0.0,5.5177
2016-06-20,0,0,3,0,1,161.568,2,0.2,-8.0784
2016-09-24,3,0,1,0,1,155.372,2,0.3,-13.3176
2016-12-18,3,1,3,0,2,183.84,8,0.0,62.5056
2015-06-14,3,2,1,0,2,51.072,6,0.2,5.1072
2016-05-23,3,0,3,0,2,37.05,3,0.0,16.302
2017-04-02,3,0,3,0,2,25.11,3,0.0,6.5286
2017-03-31,2,0,1,0,2,29.78,2,0.0,8.0406
2014-10-03,2,0,0,0,1,258.279,3,0.3,-70.1043
2017-05-04,3,1,3,0,3,300.904,1,0.2,11.2839
2017-04-26,0,0,0,0,2,1.988,1,0.6,-1.4413
2014-09-26,2,0,3,0,1,145.568,2,0.2,0.0
2017-11-10,0,1,3,0,1,899.136,4,0.2,-146.1096
2017-07-08,0,2,3,0,2,145.9,5,0.0,62.737
2015-12-24,3,0,3,0,0,590.058,7,0.7,-786.744
2015-09-14,3,0,3,0,3,912.75,5,0.0,118.6575
2016-09-03,3,2,0,0,2,83.952,3,0.6,-90.2484
2016-02-05,1,2,2,0,2,18.84,3,0.0,7.1592
2016-02-05,1,2,2,0,0,239.98,2,0.0,52.7956
2017-10-09,3,1,0,0,3,652.45,5,0.5,-430.617
2017-10-09,3,1,0,0,3,66.645,3,0.5,-42.6528
2016-04-19,3,2,1,0,3,205.176,2,0.4,-58.1332
2014-04-06,0,2,1,0,3,154.764,3,0.4,-36.1116
2016-09-02,3,0,1,0,2,39.98,2,0.0,9.995
2016-09-25,3,0,3,0,3,393.165,3,0.5,-204.4458
2016-07-09,3,1,1,0,1,408.006,2,0.1,72.5344
2016-07-09,3,1,1,0,2,165.28,4,0.0,14.8752
2017-01-28,2,2,3,0,2,37.74,3,0.0,12.8316
2015-09-21,0,1,0,0,2,4.928,4,0.6,-1.4784
2014-12-19,2,0,2,0,1,1819.86,14,0.0,163.7874
2015-10-15,1,0,0,0,1,2453.43,5,0.3,-350.49
2017-06-13,0,2,0,0,1,470.302,7,0.3,-87.3418
2017-06-12,3,2,2,0,3,452.94,3,0.0,67.941
2014-05-04,1,0,1,0,2,27.46,2,0.0,9.8856
2016-03-11,3,0,1,0,3,244.006,2,0.3,-31.3722
2016-08-26,0,1,0,0,1,1024.716,6,0.3,-29.2776
2014-08-08,3,0,3,0,2,121.376,4,0.2,-3.0344
2017-12-09,3,1,0,0,1,872.94,3,0.0,226.9644
2015-12-01,1,0,0,0,2,6.688,4,0.6,-4.0128
2015-11-03,3,2,3,0,2,42.6,3,0.0,16.614
2017-11-24,3,1,1,0,1,977.292,6,0.1,173.7408
2017-10-30,3,1,3,0,2,9.64,2,0.0,3.6632
2016-11-24,3,2,3,0,2,9.94,2,0.0,3.0814
2015-08-01,3,2,3,0,3,1004.976,6,0.2,-175.8708
2017-09-12,0,0,3,0,2,8.36,2,0.0,3.0096
2017-12-11,3,0,1,0,1,63.686,1,0.3,-9.098
2017-12-10,2,0,3,0,3,1669.6,4,0.0,116.872
2015-12-06,3,0,3,0,2,206.112,6,0.2,48.9516
2016-07-22,3,0,1,0,2,11.648,2,0.2,3.3488
2017-02-10,3,2,3,0,0,203.983,2,0.15,16.7986
2017-09-15,2,0,1,0,0,782.94,3,0.0,203.5644
2014-03-11,2,0,1,0,2,8.32,5,0.2,2.288
2014-12-31,2,1,1,0,0,1573.488,7,0.2,196.686
2015-03-16,2,0,3,0,3,171.96,2,0.0,44.7096
2017-06-30,1,0,1,0,3,1044.63,5,0.4,-295.9785
2014-11-23,0,0,3,0,1,603.92,5,0.2,-67.941
2014-11-23,0,0,3,0,1,381.44,2,0.2,23.84
2014-12-15,0,0,0,0,1,763.28,5,0.3,-21.808
2015-08-09,0,0,1,0,3,382.806,9,0.4,-153.1224
2015-08-09,0,0,1,0,2,47.04,3,0.0,18.3456
2015-08-09,0,0,1,0,2,6.16,2,0.0,2.9568
2015-03-24,0,2,0,0,0,359.058,3,0.3,-35.9058
2017-05-08,3,0,1,0,1,47.992,2,0.3,-2.0568
2017-10-16,0,1,1,0,2,547.3,13,0.0,175.136
2017-11-19,2,0,0,0,2,15.992,2,0.6,-13.993
2016-05-08,2,1,1,0,2,211.96,2,0.0,42.392
2014-05-26,3,1,3,0,0,290.666,2,0.15,27.3568
2017-07-08,3,0,3,0,2,198.46,2,0.0,99.23
2015-09-24,3,0,2,0,1,517.5,6,0.0,155.25
2017-06-21,2,0,1,0,2,17.92,5,0.2,2.464
2016-05-26,3,0,1,0,2,41.37,3,0.0,17.3754
2014-05-12,0,0,0,0,2,34.79,7,0.0,10.7849
2015-01-10,3,0,1,0,3,1018.104,4,0.4,-373.3048
2015-09-17,3,1,0,0,2,21.936,2,0.6,-10.4196
2014-09-07,3,1,1,0,2,42.368,2,0.2,8.4736
2016-11-07,3,1,3,0,2,14.82,3,0.0,6.2244
2017-12-10,0,0,1,0,2,310.88,2,0.2,23.316
2014-08-16,3,0,1,0,3,853.092,6,0.4,-227.4912
2016-03-14,3,0,1,0,2,21.88,5,0.2,6.2905
2014-06-03,2,0,3,0,3,515.88,6,0.0,113.4936
2015-07-13,2,0,1,0,1,1931.04,9,0.1,321.84
2017-10-30,3,0,3,0,1,71.992,1,0.2,-0.8999
2017-09-08,2,0,0,0,3,765.625,7,0.5,-566.5625
2017-10-07,3,0,3,0,0,307.666,2,0.15,-14.4784
2016-05-19,3,0,1,0,2,35.92,4,0.0,15.0864
2016-05-19,3,0,1,0,2,39.76,8,0.0,12.3256
2015-12-20,3,0,0,0,0,359.058,3,0.3,-71.8116
2017-04-29,2,1,1,0,3,1048.35,5,0.4,-69.89
2017-10-30,3,0,1,0,2,7.168,2,0.2,0.9856
2015-11-22,3,2,0,0,3,206.962,2,0.3,-32.5226
2017-10-14,0,0,3,0,2,9.46,2,0.0,3.6894
2015-09-05,3,0,3,0,0,411.332,4,0.15,-4.8392
2015-09-05,3,0,3,0,0,293.199,3,0.15,-20.6964
2016-08-04,3,2,2,0,2,109.8,9,0.0,46.116
2014-12-01,0,0,0,0,1,2807.84,8,0.0,673.8816
2016-07-07,3,0,3,0,2,215.65,5,0.0,73.321
2016-11-13,3,2,3,0,2,4.18,1,0.0,1.5048
2016-10-23,3,1,0,0,2,16.156,7,0.6,-12.117
2014-06-09,2,0,2,0,3,1441.3,7,0.0,245.021
2017-11-20,3,0,1,0,2,77.6,5,0.2,28.13
2017-11-20,3,0,1,0,2,4.656,2,0.2,1.5714
2015-09-14,3,1,3,0,3,170.136,3,0.2,-8.5068
2014-05-25,3,0,0,0,2,29.32,2,0.6,-24.189
2016-02-16,3,1,0,0,1,62.958,3,0.3,-2.6982
2016-12-22,3,0,3,0,2,11.84,4,0.2,3.108
2016-12-22,3,0,3,0,2,22.784,1,0.2,4.8416
2017-10-21,1,2,0,0,3,262.11,1,0.0,62.9064
2015-11-05,3,1,2,0,1,207.0,3,0.2,25.875
2014-08-01,3,1,2,0,2,44.128,4,0.2,12.1352
2016-07-18,3,1,2,0,1,140.81,1,0.0,39.4268
2015-02-09,2,1,0,0,2,40.784,2,0.6,-30.588
2017-01-12,2,2,1,0,2,37.68,2,0.0,15.8256
2017-09-10,1,1,3,0,1,362.352,3,0.2,27.1764
2017-03-26,0,0,1,0,0,257.568,2,0.2,-28.9764
2016-10-13,3,1,3,0,3,727.45,5,0.5,-465.568
2016-10-13,3,1,3,0,2,24.96,3,0.2,4.368
2017-04-15,0,1,3,0,2,196.45,5,0.0,70.722
2014-07-21,3,1,3,0,1,801.568,2,0.2,50.098
2014-07-21,3,1,3,0,3,272.848,1,0.2,27.2848
2017-11-21,3,0,3,0,3,70.98,1,0.0,20.5842
2016-03-10,3,0,1,0,0,176.784,1,0.2,-22.098
2017-12-29,3,0,3,0,1,393.568,4,0.2,-44.2764
2015-03-05,1,0,1,0,1,383.607,7,0.1,63.9345
2016-04-22,2,0,3,0,2,31.56,3,0.0,10.4148
2014-10-21,0,0,1,0,3,409.59,3,0.4,-122.877
2014-08-29,2,0,2,0,3,174.0585,3,0.45,-110.7645
2017-10-21,0,1,3,0,1,478.48,2,0.2,47.848
2015-02-03,0,1,3,0,2,136.92,4,0.0,41.076
2017-12-18,3,0,1,0,2,18.96,2,0.0,8.532
2017-08-17,0,1,1,0,1,462.564,2,0.1,97.6524
2017-08-06,2,0,2,0,0,145.74,3,0.0,23.3184
2017-08-06,2,0,2,0,2,15.4,5,0.0,7.392
2015-05-25,2,2,3,0,2,14.73,3,0.0,4.8609
2016-07-08,3,0,3,0,1,662.88,3,0.2,74.574
2017-09-02,3,1,1,0,2,11.54,2,0.0,3.462
2017-09-02,3,1,1,0,3,254.526,1,0.4,-93.3262
2017-09-02,3,1,1,0,1,1282.41,5,0.1,213.735
2014-10-18,2,1,2,0,1,545.88,6,0.0,70.9644
2016-04-14,1,0,3,0,1,933.536,4,0.2,105.0228
2014-11-25,2,1,3,0,2,23.88,3,0.0,10.5072
2015-11-09,3,0,0,0,3,1024.38,7,0.0,215.1198
2017-12-02,2,0,0,0,2,8.752,4,0.6,-3.7196
2017-12-25,2,0,2,0,1,304.45,5,0.0,76.1125
2017-08-03,0,0,0,0,0,183.372,2,0.3,-36.6744
2016-09-18,3,0,2,0,1,350.98,1,0.0,84.2352
2016-09-19,0,2,1,0,1,872.32,4,0.0,244.2496
2015-03-13,0,0,3,0,0,141.96,2,0.0,39.7488
2017-09-25,3,0,0,0,1,269.97,3,0.0,51.2943
2015-06-18,3,2,3,0,2,75.36,5,0.2,20.724
2015-07-11,0,0,1,0,2,289.8,7,0.2,36.225
2015-07-11,0,0,1,0,1,341.488,8,0.3,-73.176
2015-07-11,0,0,1,0,2,25.344,6,0.2,3.4848
2016-12-01,3,0,0,0,2,17.31,3,0.0,5.193
2017-12-22,0,0,0,0,1,1586.69,7,0.0,412.5394
2017-12-22,0,0,0,0,3,411.8,2,0.0,70.006
2014-10-31,3,1,3,0,1,146.352,3,0.2,-9.147
2015-04-13,3,0,3,0,3,710.832,3,0.2,-97.7394
2017-11-20,3,0,3,0,1,283.92,5,0.2,-46.137
2014-12-01,3,0,3,0,2,58.2,3,0.0,28.518
2015-12-24,3,0,3,0,2,7.712,2,0.2,1.7352
2017-07-15,3,0,1,0,3,310.443,3,0.3,-48.7839
2014-11-17,3,2,0,0,1,479.9,5,0.0,81.583
2014-07-18,1,2,3,0,1,259.136,4,0.2,-25.9136
2015-10-31,1,0,3,0,1,323.136,4,0.2,20.196
2015-10-31,1,0,3,0,0,425.833,1,0.15,20.0392
2015-10-12,2,0,1,0,3,209.67,1,0.4,-13.978
2017-11-09,0,1,3,0,1,215.976,3,0.2,-2.6997
2017-09-22,2,2,0,0,0,241.96,2,0.0,41.1332
2015-10-04,3,2,1,0,2,64.944,3,0.2,6.4944
2014-05-20,2,1,1,0,2,139.86,7,0.0,60.1398
2015-12-31,3,0,0,0,2,14.76,5,0.6,-11.439
2014-06-06,3,1,1,0,3,991.764,3,0.4,-347.1174
2016-06-25,3,1,1,0,1,422.058,3,0.3,-18.0882
2014-12-12,3,0,3,0,2,43.31,1,0.0,4.331
2017-11-19,3,0,0,0,1,233.058,3,0.3,-53.2704
2016-04-30,3,2,0,0,2,22.608,3,0.6,-10.1736
2016-05-14,1,0,1,0,2,79.384,1,0.2,29.769
2016-10-13,3,0,0,0,2,139.92,5,0.6,-150.414
2017-11-19,3,1,0,0,1,305.312,2,0.3,-8.7232
2016-05-07,3,0,1,0,1,442.764,4,0.1,59.0352
2016-05-07,3,0,1,0,2,63.68,8,0.0,28.0192
2017-08-10,3,0,0,0,2,121.3,2,0.0,25.473
2014-06-01,3,0,2,0,2,22.2,6,0.0,9.102
2015-09-06,3,2,3,0,2,191.82,3,0.0,74.8098
2015-06-29,3,0,1,0,2,20.104,1,0.2,1.7591
2017-11-21,3,0,1,0,2,27.42,1,0.0,11.2422
2017-10-01,0,0,3,0,1,108.608,4,0.2,9.5032
2015-12-06,1,0,1,0,1,70.686,1,0.3,-24.2352
2016-03-19,2,0,3,0,0,72.294,1,0.7,-98.8018
2016-10-01,3,0,1,0,3,330.588,1,0.4,-115.7058
2017-06-26,3,0,0,0,2,526.45,5,0.0,31.587
2017-04-20,3,2,0,0,2,44.4,2,0.6,-52.17
2016-09-17,3,1,1,0,2,109.48,2,0.0,33.9388
2017-06-16,0,0,3,0,1,1212.96,7,0.2,90.972
2017-02-06,0,0,2,0,0,359.97,3,0.0,79.1934
2015-03-06,3,0,3,0,2,435.26,7,0.0,95.7572
2014-10-03,2,1,3,0,3,143.432,1,0.2,3.5858
2014-10-03,2,1,3,0,1,122.352,3,0.2,13.7646
2014-06-27,3,0,2,0,3,85.98,1,0.0,22.3548
2017-10-30,0,0,3,0,1,97.568,2,0.2,-6.098
2017-10-30,0,0,3,0,1,614.272,8,0.2,-23.0352
2017-10-30,0,0,3,0,0,199.98,2,0.0,37.9962
2017-01-08,0,1,3,0,3,892.98,2,0.0,80.3682
2015-04-20,3,1,2,0,2,595.38,6,0.0,297.69
2017-12-23,3,1,1,0,2,181.95,3,0.0,38.2095
2015-11-01,3,0,1,0,2,259.7,5,0.0,106.477
2017-09-17,2,2,2,0,1,723.92,4,0.0,188.2192
2016-12-23,0,1,0,0,0,141.372,2,0.3,-14.1372
2017-06-11,0,2,3,0,1,280.792,1,0.2,35.099
2017-07-20,3,1,0,0,1,182.94,3,0.0,27.441
2015-09-15,2,1,1,0,0,46.384,1,0.2,1.1596
2015-12-25,3,1,1,0,2,547.136,4,0.2,-68.392
2014-12-31,0,2,1,0,2,63.2,5,0.0,23.384
2016-03-13,3,0,0,0,3,557.585,5,0.3,0.0
2015-08-31,0,1,3,0,0,1552.831,7,0.15,200.9546
2014-03-17,3,1,1,0,3,1579.746,7,0.4,-447.5947
2014-03-17,3,1,1,0,3,1071.576,4,0.4,-553.6476
2014-03-17,3,1,1,0,3,613.908,3,0.4,-122.7816
2016-03-13,3,2,2,0,2,127.88,2,0.0,40.9216
2014-11-24,2,0,3,0,1,120.712,1,0.2,-18.1068
2016-09-23,3,1,1,0,2,532.704,6,0.2,-26.6352
2016-07-07,2,1,0,0,2,60.288,8,0.6,-27.1296
2016-07-07,2,1,0,0,1,253.372,2,0.3,-14.4784
2016-05-06,3,2,1,0,2,54.712,7,0.2,11.6263
2015-12-06,3,0,1,0,2,113.92,4,0.0,42.1504
2016-09-27,3,1,0,0,0,956.6648,7,0.32,-225.0976
2017-03-23,0,2,3,0,2,211.84,8,0.0,76.2624
2014-11-12,3,0,3,0,3,629.064,3,0.2,31.4532
2016-12-29,3,0,0,0,1,754.45,5,0.0,60.356
2015-07-06,3,2,1,0,0,301.96,2,0.0,60.392
2017-12-25,3,0,1,0,3,273.06,2,0.4,-104.673
2016-06-11,3,1,0,0,2,12.544,7,0.6,-9.0944
2017-12-28,3,1,3,0,2,7.4,2,0.0,3.034
2014-03-25,3,0,1,0,1,366.786,7,0.1,65.2064
2017-07-03,3,0,3,0,2,545.85,9,0.0,114.6285
2014-11-18,2,0,3,0,3,145.98,2,0.5,-99.2664
2017-07-17,3,0,2,0,2,7.904,2,0.2,2.1736
2016-05-22,3,0,1,0,3,174.286,2,0.3,-19.9184
2016-10-31,3,0,1,0,1,492.835,5,0.3,-14.081
2016-01-22,3,0,2,0,2,14.272,8,0.2,4.2816
2016-01-22,3,0,2,0,0,451.136,4,0.2,-67.6704
2016-11-03,0,0,3,0,1,217.584,2,0.2,-29.9178
2017-09-04,2,1,3,0,3,1322.352,3,0.2,-99.1764
2017-08-28,3,2,3,0,3,1137.75,5,0.0,250.305
2016-09-10,2,0,0,0,3,300.93,5,0.3,-34.392
2014-06-16,3,0,0,0,1,647.84,8,0.0,32.392
2014-07-25,2,0,3,0,2,77.92,8,0.0,34.2848
2016-11-11,3,1,0,0,1,47.992,2,0.3,-2.0568
2017-05-02,3,1,1,0,2,129.93,3,0.0,12.993
2015-01-27,2,0,1,0,1,181.986,2,0.3,-54.5958
2015-07-16,1,1,3,0,1,1348.704,6,0.2,-219.1644
2015-07-16,1,1,3,0,1,700.152,3,0.2,78.7671
2016-04-30,3,1,3,0,2,111.888,7,0.2,22.3776
2016-09-08,3,2,1,0,0,173.94,3,0.0,13.9152
2017-04-16,3,0,3,0,0,102.833,1,0.15,-6.049
2017-11-19,3,0,2,0,2,821.88,6,0.0,213.6888
2016-10-08,3,1,0,0,2,51.712,8,0.6,-32.32
2015-05-31,3,0,3,0,0,1406.86,7,0.0,140.686
2017-11-01,2,0,3,0,3,2665.62,9,0.0,239.9058
2017-07-09,3,2,0,0,2,526.45,5,0.0,31.587
2014-01-26,3,2,2,0,2,62.82,3,0.0,30.7818
2014-01-26,3,2,2,0,2,12.42,3,0.0,4.4712
2017-06-30,3,0,1,0,2,22.23,1,0.0,9.7812
2016-09-08,3,0,0,0,2,14.136,2,0.6,-7.7748
2016-09-08,3,0,0,0,3,601.47,3,0.5,-300.735
2016-06-04,1,0,1,0,0,136.784,1,0.2,5.1294
2016-06-04,1,0,1,0,2,61.12,4,0.0,20.7808
2014-11-25,3,1,0,0,3,1218.735,5,0.3,-121.8735
2014-11-25,3,1,0,0,2,6.096,3,0.6,-3.9624
2016-04-28,3,1,3,0,1,41.568,2,0.2,2.598
2014-04-26,3,1,3,0,1,230.28,3,0.2,23.028
2017-05-15,3,0,3,0,2,39.96,2,0.0,17.1828
2017-05-15,3,0,3,0,1,42.624,2,0.2,4.2624
2017-05-15,3,0,3,0,1,220.96,1,0.2,24.858
2015-07-05,2,1,2,0,2,4.928,2,0.2,0.7392
2017-06-12,3,0,1,0,1,858.24,4,0.1,143.04
2016-04-17,2,2,2,0,2,18.624,8,0.2,6.2856
2014-09-07,2,0,0,0,2,57.69,3,0.0,23.6529
2014-09-07,2,0,0,0,2,821.88,6,0.0,213.6888
2016-09-26,3,1,3,0,0,424.9575,5,0.15,19.998
2017-09-17,2,1,3,0,0,1292.94,3,0.0,77.5764
2015-12-24,3,1,3,0,1,883.84,4,0.2,99.432
2016-05-01,0,0,2,0,3,370.62,3,0.4,-142.071
2015-08-25,3,2,3,0,1,40.784,1,0.2,4.5882
2014-09-09,2,1,1,0,1,785.88,6,0.0,212.1876
2016-01-22,3,1,3,0,2,109.9,5,0.0,37.366
2014-10-15,3,0,2,0,2,15.384,1,0.2,4.0383
2014-03-18,3,2,2,0,2,30.768,2,0.2,8.0766
2014-03-18,3,2,2,0,2,122.352,3,0.2,15.294
2015-01-30,3,0,3,0,2,227.36,7,0.0,81.8496
2017-10-09,0,1,1,0,2,45.888,4,0.2,9.1776
2014-12-06,2,0,0,0,2,23.976,3,0.6,-14.3856
2017-11-07,3,0,1,0,3,350.352,4,0.4,-140.1408
2017-02-13,3,0,3,0,2,107.53,1,0.0,21.506
2015-11-13,3,0,1,0,0,299.97,3,0.0,56.9943
2014-11-04,3,0,3,0,2,35.34,2,0.0,13.4292
2015-06-20,2,1,3,0,2,257.64,6,0.0,100.4796
2014-05-12,3,0,1,0,3,700.056,3,0.3,-130.0104
2014-06-08,3,0,3,0,1,585.552,3,0.2,73.194
2014-05-26,3,0,3,0,1,225.296,2,0.2,22.5296
2016-03-11,3,2,2,0,2,76.92,4,0.0,31.5372
2017-12-10,0,0,2,0,2,19.104,3,0.2,5.7312
2015-07-17,2,0,3,0,0,195.466,2,0.15,-13.7976
2017-04-30,3,1,2,0,2,23.68,8,0.2,6.216
2015-09-21,0,2,3,0,1,601.536,4,0.2,0.0
2014-12-02,3,1,0,0,2,58.36,5,0.6,-24.803
2014-12-02,3,1,0,0,2,39.96,5,0.6,-23.976
2014-04-12,3,1,3,0,0,308.499,3,0.15,-18.147
2017-11-03,3,0,3,0,2,41.37,3,0.0,17.3754
2015-09-07,3,0,0,0,1,47.516,2,0.3,-2.0364
2015-07-25,2,0,3,0,0,704.9,5,0.0,56.392
2015-07-25,2,0,3,0,1,561.568,2,0.2,28.0784
2015-11-16,2,2,0,0,2,185.58,6,0.0,76.0878
2015-11-16,2,2,0,0,3,214.11,3,0.0,36.3987
2015-11-16,2,2,0,0,3,653.55,3,0.0,111.1035
2015-09-01,3,2,1,0,1,60.74,1,0.0,15.185
2015-09-01,3,2,1,0,2,124.36,2,0.0,27.3592
2016-05-05,0,0,3,0,3,298.776,3,0.2,7.4694
2014-09-25,3,2,0,0,0,300.5328,2,0.32,-97.2312
2014-03-14,3,2,2,0,1,1139.92,4,0.0,284.98
2016-12-27,3,1,0,0,1,845.488,8,0.3,-12.0784
2017-04-08,3,1,2,0,2,56.28,6,0.0,15.7584
2016-03-19,2,0,1,0,2,14.98,1,0.0,6.8908
2016-03-19,2,0,1,0,2,20.32,4,0.0,6.9088
2016-08-26,0,1,3,0,1,1603.136,4,0.2,100.196
2016-08-15,2,0,2,0,1,225.296,2,0.2,22.5296
2017-05-19,3,0,2,0,0,1628.82,9,0.0,374.6286
2017-06-12,3,0,2,0,2,17.088,2,0.2,1.068
2014-03-22,3,1,3,0,1,314.352,3,0.2,-35.3646
2016-01-21,2,0,3,0,1,153.568,2,0.2,-5.7588
2016-01-21,2,0,3,0,1,1013.488,7,0.2,76.0116
2016-11-11,2,0,3,0,2,6.96,4,0.0,2.2272
2016-10-18,3,0,3,0,1,307.92,5,0.2,-34.641
2014-04-29,2,0,2,0,1,51.96,2,0.0,12.99
2017-10-23,3,1,1,0,2,69.08,11,0.0,29.0136
2015-04-26,3,0,0,0,1,408.422,2,0.3,-5.8346
2016-06-27,3,1,0,0,1,539.658,3,0.3,-7.7094
2016-11-23,1,1,1,0,2,14.368,2,0.2,3.9512
2016-11-23,1,1,1,0,2,70.448,7,0.2,12.3284
2014-09-02,0,0,1,0,2,70.71,1,0.0,4.9497
2017-07-10,2,0,2,0,2,18.84,3,0.0,7.9128
2017-11-18,3,2,0,0,2,19.76,4,0.0,8.2992
2015-08-08,1,0,3,0,1,144.784,1,0.2,10.8588
2017-03-25,3,1,0,0,1,90.99,1,0.0,14.5584
2017-03-25,3,1,0,0,1,1526.56,7,0.0,427.4368
2017-03-25,3,1,0,0,1,368.97,3,0.0,40.5867
2017-11-19,3,0,3,0,2,18.7,1,0.0,7.106
2016-11-04,0,0,3,0,2,38.29,7,0.0,16.4647
2017-12-14,3,2,3,0,2,26.25,3,0.0,11.025
2017-11-12,1,2,3,0,1,113.888,2,0.2,9.9652
2017-11-12,1,2,3,0,2,113.568,2,0.2,-5.6784
2017-06-27,3,2,1,0,1,191.646,3,0.1,31.941
2017-12-16,2,1,3,0,1,81.568,2,0.2,9.1764
2017-12-16,2,1,3,0,1,97.184,2,0.2,6.074
2017-12-16,2,1,3,0,2,18.96,2,0.0,7.584
2014-12-27,3,0,0,0,2,32.952,6,0.6,-19.7712
2017-11-06,2,0,2,0,2,28.272,2,0.2,6.3612
2015-05-07,3,0,0,0,3,244.006,2,0.3,-31.3722
2017-12-04,1,1,1,0,1,188.552,7,0.3,-2.6936
2014-01-13,2,0,2,0,1,545.94,6,0.0,87.3504
2015-06-12,3,0,1,0,2,43.296,2,0.2,4.3296
2014-07-12,3,0,3,0,1,123.136,4,0.2,13.8528
2014-12-06,2,0,3,0,3,275.49,1,0.5,-170.8038
2016-05-25,3,2,2,0,2,24.96,4,0.0,6.24
2014-06-21,3,0,1,0,2,3.984,1,0.2,0.6474
2016-12-05,0,0,2,0,2,191.82,3,0.0,74.8098
2015-09-17,3,2,1,0,3,344.22,2,0.4,-103.266
2016-08-23,3,2,0,0,2,22.608,3,0.6,-10.1736
2015-11-08,3,0,3,0,2,66.69,3,0.0,22.0077
2017-11-17,3,0,0,0,0,327.7328,2,0.32,-14.4588
2017-04-22,3,2,1,0,2,254.352,3,0.2,0.0
2017-12-17,3,0,2,0,1,504.9,5,0.0,80.784
2015-09-21,3,1,0,0,0,194.32,4,0.0,31.0912
2016-11-21,3,0,3,0,1,195.136,4,0.2,-12.196
2015-06-11,3,0,2,0,2,29.16,2,0.0,10.7892
2017-10-03,3,1,3,0,3,171.288,3,0.2,-6.4233
2016-05-05,3,0,2,0,2,16.72,5,0.2,3.344
2017-09-11,1,2,3,0,1,2054.272,8,0.2,256.784
2017-04-02,0,2,2,0,3,411.8,2,0.0,70.006
2017-10-06,3,2,3,0,2,41.96,2,0.0,2.9372
2017-10-19,2,1,3,0,2,30.56,2,0.0,10.3904
2017-10-19,2,1,3,0,3,24.368,2,0.2,-3.3506
2014-11-17,3,1,1,0,2,124.41,3,0.0,14.9292
2015-10-03,3,0,3,0,0,120.666,2,0.15,18.4548
2014-07-20,3,2,0,0,2,16.74,5,0.6,-14.229
2014-07-20,3,2,0,0,1,981.372,2,0.3,-140.196
2017-02-09,3,0,0,0,2,3.984,2,0.6,-2.6892
2017-03-31,2,2,2,0,2,61.0,5,0.0,25.62
2017-04-27,3,1,0,0,0,220.2656,4,0.32,-42.1096
2017-04-14,3,0,1,0,0,242.352,3,0.2,9.0882
2017-12-22,2,1,1,0,0,220.98,1,0.0,50.8254
2016-08-23,3,0,3,0,1,532.704,6,0.2,-39.9528
2015-06-11,0,1,2,0,1,1123.92,5,0.2,-182.637
2015-06-11,0,1,2,0,2,48.672,3,0.2,7.3008
2014-12-16,0,2,3,0,2,44.46,2,0.0,14.6718
2014-12-16,0,2,3,0,1,241.568,2,0.2,18.1176
2014-08-24,0,1,1,0,2,13.28,2,0.0,6.3744
2017-11-12,3,2,0,0,2,22.848,3,0.6,-17.7072
2016-09-05,3,1,0,0,1,347.802,7,0.3,-24.843
2017-02-11,2,1,3,0,1,963.136,4,0.2,108.3528
2015-12-15,0,0,1,0,2,262.864,7,0.2,69.0018
2015-08-24,3,1,1,0,3,284.364,2,0.4,-75.8304
2016-10-29,0,0,0,0,2,67.0,5,0.0,32.16
2016-05-28,3,1,2,0,1,390.272,8,0.2,-24.392
2016-03-21,3,0,0,0,1,528.43,5,0.3,0.0
2017-09-23,3,0,3,0,0,180.588,2,0.7,-240.784
2017-12-05,3,1,1,0,2,20.94,3,0.0,6.0726
2017-12-05,3,1,1,0,2,58.68,2,0.0,18.1908
2014-05-18,2,0,1,0,2,149.232,3,0.2,3.7308
2014-11-10,3,0,3,0,2,39.88,2,0.0,11.1664
2014-11-10,3,0,3,0,2,53.2,5,0.0,14.896
2017-09-01,2,0,1,0,2,114.9,5,0.0,39.066
2016-01-15,1,0,1,0,3,181.797,1,0.3,-15.5826
2016-11-20,3,1,0,0,1,318.43,5,0.3,-77.333
2016-11-20,3,1,0,0,2,7.068,3,0.6,-2.8272
2017-12-01,3,0,0,0,1,317.058,3,0.3,-18.1176
2016-09-17,3,2,3,0,1,113.888,2,0.2,9.9652
2017-04-17,0,0,1,0,2,60.312,3,0.2,5.2773
2016-12-09,2,1,2,0,3,79.974,3,0.4,-29.3238
2015-02-09,3,0,3,0,1,203.92,5,0.2,22.941
2014-09-30,3,1,1,0,2,15.24,3,0.0,5.1816
2014-12-26,3,0,3,0,2,3.48,2,0.0,1.1136
2014-11-18,3,0,1,0,2,60.312,3,0.2,5.2773
2016-03-20,2,1,2,0,2,86.45,7,0.0,38.038
2014-09-27,3,0,3,0,1,603.92,5,0.2,45.294
2017-12-24,3,0,1,0,1,271.764,2,0.1,48.3136
2017-11-10,2,1,0,0,2,341.96,5,0.6,-427.45
2014-12-20,3,0,2,0,1,662.88,3,0.2,74.574
2015-07-23,3,2,1,0,2,128.82,3,0.0,50.2398
2017-12-14,3,2,0,0,2,2.032,1,0.6,-1.3208
2017-08-21,0,0,3,0,2,129.92,4,0.0,10.3936
2017-08-21,0,0,3,0,3,568.728,3,0.2,28.4364
2016-08-27,2,0,1,0,3,244.615,1,0.3,20.967
2014-09-23,3,1,3,0,0,435.999,3,0.15,20.5176
2014-07-19,3,1,1,0,3,70.56,1,0.3,-4.032
2015-06-04,2,2,1,0,2,35.28,3,0.0,11.9952
2016-07-16,2,1,0,0,2,9.552,3,0.6,-3.8208
2014-01-31,0,0,3,0,0,290.666,2,0.15,3.4196
2015-11-21,3,0,3,0,0,141.96,2,0.0,41.1684
2015-12-04,3,0,1,0,2,28.44,3,0.0,11.376
2015-12-04,3,0,1,0,1,364.41,5,0.1,8.098
2015-12-04,3,0,1,0,1,361.764,2,0.1,68.3332
2017-11-23,0,0,1,0,2,24.048,9,0.2,7.2144
2015-12-04,2,0,1,0,1,384.174,7,0.1,29.8802
2017-10-07,3,2,2,0,3,154.764,3,0.4,-36.1116
2015-05-04,0,1,0,0,2,22.288,7,0.6,-8.9152
2017-05-29,3,0,0,0,2,65.424,4,0.6,-52.3392
2014-04-23,3,2,1,0,1,281.372,2,0.3,-12.0588
2014-04-23,3,2,1,0,1,281.372,2,0.3,-12.0588
2014-04-23,3,2,1,0,2,22.336,4,0.2,7.8176
2015-09-06,3,2,1,0,1,271.764,2,0.1,60.392
2015-09-24,3,2,0,0,1,1408.1,10,0.0,394.268
2017-07-03,2,2,1,0,3,215.148,2,0.4,-103.9882
2017-12-08,0,0,3,0,2,128.9,2,0.0,15.468
2015-09-27,0,0,0,0,2,24.288,3,0.6,-12.7512
2017-10-30,1,0,0,0,2,16.192,2,0.6,-8.5008
2017-10-30,1,0,0,0,3,251.006,2,0.3,-68.1302
2017-09-16,0,0,1,0,2,22.512,3,0.2,2.2512
2015-09-10,3,1,1,0,0,361.96,2,0.0,83.2508
2016-12-14,3,0,2,0,2,133.38,6,0.0,58.6872
2016-12-01,3,0,3,0,2,16.74,2,0.0,4.3524
2017-03-03,3,0,0,0,1,180.98,1,0.0,47.0548
2016-12-08,3,1,3,0,3,1421.664,6,0.2,-195.4788
2014-04-07,0,0,2,0,2,8.96,2,0.0,2.7776
2014-08-27,0,1,2,0,2,29.12,4,0.0,12.5216
2014-08-27,0,1,2,0,3,1202.94,3,0.0,300.735
2015-07-02,3,0,0,0,1,408.422,2,0.3,-5.8346
2015-07-02,3,0,0,0,1,382.116,6,0.3,-92.7996
2017-09-24,3,1,0,0,1,603.92,4,0.0,181.176
2016-08-08,3,2,3,0,3,513.024,2,0.2,12.8256
2014-06-20,3,0,0,0,0,193.0656,4,0.32,-19.8744
2017-09-04,0,1,0,0,0,825.174,9,0.3,-117.882
2015-06-22,0,2,0,0,3,796.425,7,0.5,-525.6405
2016-09-18,0,0,1,0,2,5.352,3,0.2,1.6056
2016-09-18,0,0,1,0,1,99.372,2,0.3,-7.098
2017-10-30,0,2,2,0,1,33.94,1,0.0,9.1638
2016-03-29,2,2,0,0,1,844.116,6,0.3,-36.1764
2016-09-09,2,2,0,0,2,15.008,4,0.6,-12.0064
2016-07-25,3,0,2,0,3,2430.08,8,0.0,388.8128
2015-12-10,3,1,0,0,3,801.96,2,0.0,200.49
2015-12-10,3,1,0,0,1,191.96,2,0.0,32.6332
2014-09-09,2,0,1,0,2,17.472,3,0.2,5.0232
2014-11-17,3,0,1,0,1,657.93,5,0.3,-93.99
2017-08-21,3,2,1,0,2,25.16,2,0.0,8.5544
2017-08-21,3,2,1,0,2,91.92,4,0.0,31.2528
2017-11-19,0,1,0,0,3,718.116,6,0.3,-71.8116
2014-09-14,3,0,2,0,2,142.4,5,0.0,52.688
2017-05-19,2,2,3,0,1,681.408,12,0.2,42.588
2016-11-10,3,2,1,0,2,148.288,7,0.2,29.6576
2015-03-12,3,1,2,0,2,30.88,4,0.2,3.86
2015-03-12,3,1,2,0,2,6.408,3,0.2,1.4418
2017-11-06,3,0,1,0,1,127.372,2,0.3,-30.9332
2015-12-05,3,1,3,0,2,44.46,2,0.0,14.6718
2015-07-09,3,0,1,0,2,181.96,2,0.0,20.0156
2015-10-30,2,1,3,0,2,15.488,4,0.2,3.6784
2015-11-19,2,2,3,0,2,141.96,2,0.0,22.7136
2017-12-24,3,1,1,0,2,37.93,1,0.0,6.8274
2016-01-09,2,1,1,0,2,15.168,2,0.2,3.792
2014-11-23,3,1,0,0,2,6.368,2,0.6,-2.5472
2017-10-15,0,1,3,0,3,510.24,3,0.2,6.378
2017-04-21,0,0,3,0,2,162.6,3,0.0,34.146
2014-12-08,2,0,3,0,1,603.92,5,0.2,45.294
2016-12-20,3,2,2,0,2,18.92,4,0.0,7.3788
2017-03-06,2,0,1,0,2,71.97,3,0.0,16.5531
2016-09-23,2,0,2,0,1,368.97,3,0.0,81.1734
2017-08-27,2,1,3,0,2,198.46,2,0.0,99.23
2017-08-27,2,1,3,0,1,230.28,3,0.2,23.028
2016-03-03,0,1,0,0,1,563.43,5,0.3,-56.343
2015-09-18,3,1,3,0,2,24.4,2,0.0,10.248
2016-08-13,2,1,0,0,0,241.96,2,0.0,24.196
2016-03-21,3,1,0,0,3,99.372,2,0.3,-1.4196
2014-12-16,2,1,2,0,1,1013.832,9,0.2,101.3832
2016-12-17,3,0,3,0,3,2003.52,6,0.2,-325.572
2015-05-03,3,2,3,0,2,665.88,6,0.0,106.5408
2014-01-27,3,0,3,0,3,333.0,3,0.2,-16.65
2017-11-04,0,1,2,0,3,523.764,3,0.4,-192.0468
2016-10-14,3,0,2,0,1,102.592,1,0.2,10.2592
2015-11-12,3,1,2,0,1,523.92,5,0.2,-72.039
2015-11-12,3,1,2,0,1,146.136,3,0.2,16.4403
2015-09-15,3,0,2,0,3,801.96,2,0.0,200.49
2015-09-15,3,0,2,0,1,1056.86,7,0.0,306.4894
2017-10-09,3,0,1,0,0,314.352,3,0.2,-15.7176
2017-05-07,3,1,0,0,1,1458.65,5,0.0,423.0085
2017-05-07,3,1,0,0,1,26.64,1,0.0,7.4592
2017-05-07,3,1,0,0,1,476.8,2,0.0,119.2
2015-11-14,3,0,1,0,2,76.14,3,0.0,26.649
2014-11-24,1,1,1,0,1,611.058,3,0.3,-34.9176
2014-07-26,3,0,3,0,1,674.352,3,0.2,-109.5822
2014-07-26,3,0,3,0,2,134.01,9,0.0,36.1827
2014-06-08,3,1,2,0,1,170.352,3,0.2,10.647
2014-10-28,0,1,3,0,0,616.998,6,0.15,-36.294
2015-09-21,1,2,1,0,2,85.3,2,0.0,14.501
2017-06-06,3,2,3,0,2,4.95,1,0.0,2.178
2017-02-17,3,2,0,0,3,480.96,3,0.5,-269.3376
2015-11-28,3,0,0,0,2,151.96,5,0.6,-182.352
2015-10-23,2,0,3,0,1,240.784,1,0.2,27.0882
2015-10-23,2,0,3,0,1,191.968,7,0.2,16.7972
2015-10-23,2,0,3,0,1,842.352,3,0.2,42.1176
2015-06-15,3,0,3,0,2,364.704,6,0.2,-36.4704
2015-06-15,3,0,3,0,2,40.256,4,0.2,11.0704
2016-11-24,3,1,3,0,1,1684.752,6,0.2,210.594
2015-04-05,3,2,1,0,2,547.136,4,0.2,-68.392
2015-04-05,3,2,1,0,2,7.584,1,0.2,2.37
2015-04-05,3,2,1,0,0,352.45,5,0.5,-211.47
2017-09-18,3,1,1,0,2,9.82,2,0.0,3.2406
2017-07-18,3,0,3,0,3,801.6,5,0.5,-448.896
2017-07-18,3,0,3,0,1,161.568,2,0.2,10.098
2017-07-18,3,0,3,0,1,311.976,3,0.2,-42.8967
2014-09-17,3,0,3,0,2,35.34,2,0.0,13.4292
2016-03-14,0,0,0,0,0,241.332,5,0.32,-14.196
2015-06-16,3,0,0,0,1,197.372,2,0.3,-25.3764
2016-12-10,1,0,0,0,1,1424.9,5,0.0,356.225
2017-05-18,3,0,1,0,2,14.56,2,0.0,6.2608
2016-11-18,3,2,0,0,1,255.108,6,0.3,-18.222
2014-04-04,3,0,0,0,2,5.47,1,0.0,2.3521
2016-06-26,3,0,3,0,2,22.14,3,0.0,6.4206
2016-05-29,3,0,2,0,2,44.76,3,0.2,14.547
2017-02-19,0,2,3,0,2,44.67,3,0.0,12.0609
2016-03-29,3,0,1,0,2,414.0,8,0.0,124.2
2016-10-22,0,0,2,0,2,39.92,4,0.0,11.1776
2014-12-23,3,1,1,0,3,53.316,2,0.4,-19.5492
2017-12-15,3,2,3,0,2,22.77,3,0.0,9.7911
2016-07-07,2,0,3,0,1,287.968,4,0.2,-3.5996
2016-04-17,3,0,3,0,0,257.499,3,0.15,24.2352
2016-04-17,3,1,2,0,2,79.12,5,0.2,13.846
2014-11-25,2,0,1,0,2,52.96,2,0.0,20.1248
2015-05-01,3,1,2,0,2,63.552,3,0.2,14.2992
2015-03-08,3,0,0,0,0,512.94,3,0.0,97.4586
2015-03-08,3,0,0,0,1,860.93,7,0.0,189.4046
2015-03-08,3,0,0,0,2,373.08,6,0.0,82.0776
2015-07-17,2,1,2,0,0,231.92,5,0.2,5.798
2014-10-11,3,2,3,0,2,63.47,11,0.0,19.041
2016-03-03,3,0,0,0,3,637.896,3,0.3,-127.5792
2017-01-01,3,0,3,0,2,474.43,11,0.0,199.2606
2014-06-22,3,0,1,0,1,170.058,3,0.3,-4.8588
2014-06-22,3,0,1,0,1,853.93,5,0.3,0.0
2017-10-27,0,1,3,0,0,556.665,5,0.15,6.549
2017-12-24,3,0,2,0,1,232.88,4,0.0,60.5488
2014-12-29,3,1,3,0,2,24.9,5,0.0,8.217
2014-12-29,3,1,3,0,2,70.56,6,0.0,23.9904
2015-06-25,3,0,3,0,2,204.85,5,0.0,57.358
2017-06-24,2,0,1,0,2,276.69,3,0.0,49.8042
2017-06-24,2,0,1,0,1,172.764,2,0.1,32.6332
2014-09-29,3,1,1,0,3,409.272,2,0.4,-81.8544
2014-09-29,3,1,1,0,3,67.176,1,0.4,-20.1528
2015-11-20,3,0,3,0,1,572.16,3,0.2,35.76
2016-08-28,0,0,0,0,0,156.3728,2,0.32,-52.8908
2017-11-15,3,0,2,0,2,220.064,4,0.2,55.016
2017-11-15,3,0,2,0,2,339.136,4,0.2,0.0
2014-08-19,3,0,2,0,0,638.82,9,0.0,172.4814
2017-12-21,1,2,0,0,2,15.92,2,0.0,7.0048
2015-09-07,1,0,1,0,3,27.414,3,0.4,-14.1639
2015-12-25,3,1,0,0,0,160.98,1,0.0,20.9274
2017-07-27,2,0,2,0,2,91.032,3,0.2,-2.2758
2017-12-01,0,0,1,0,2,79.12,5,0.2,13.846
2017-01-30,3,2,3,0,1,120.784,1,0.2,-13.5882
2015-11-28,3,0,1,0,2,322.59,3,0.0,64.518
2014-10-11,0,0,3,0,1,433.568,2,0.2,-65.0352
2016-12-05,0,1,1,0,0,81.94,1,0.0,20.485
2015-11-16,3,1,3,0,3,696.42,2,0.0,160.1766
2016-04-08,3,0,3,0,2,24.7,5,0.0,10.374
2014-10-31,2,0,1,0,2,14.76,2,0.0,4.2804
2014-10-31,2,0,1,0,2,17.67,3,0.0,7.7748
2014-10-31,2,0,1,0,1,1604.9,5,0.0,481.47
2014-10-31,2,0,1,0,3,385.686,1,0.3,-60.6078
2017-04-01,0,1,3,0,0,482.664,8,0.15,85.176
2017-06-11,2,0,3,0,0,174.42,3,0.0,41.8608
2014-12-13,3,1,0,0,2,94.428,3,0.6,-42.4926
2015-01-05,3,2,3,0,1,61.584,1,0.2,-6.9282
2017-07-05,3,1,0,0,2,332.028,9,0.6,-348.6294
2017-11-28,3,2,1,0,2,1049.2,5,0.0,272.792
2017-11-28,3,2,1,0,2,20.9,5,0.0,7.524
2016-12-01,2,0,1,0,1,751.92,4,0.0,150.384
2014-09-19,1,1,1,0,1,887.103,7,0.1,177.4206
2017-10-13,0,0,0,0,2,10.476,3,0.6,-6.8094
2016-03-14,0,1,3,0,1,196.784,2,0.2,-22.1382
2016-11-05,3,0,0,0,3,863.128,8,0.3,-160.2952
2016-11-05,3,0,0,0,0,956.6648,7,0.32,-225.0976
2017-06-25,2,0,3,0,3,871.4,4,0.0,148.138
2015-11-26,3,1,2,0,2,692.472,11,0.2,190.4298
2016-11-24,2,1,1,0,2,207.76,4,0.0,85.1816
2016-04-16,3,1,1,0,2,9.96,2,0.0,3.2868
2014-11-14,3,2,1,0,1,69.264,2,0.1,14.6224
2015-11-21,2,1,0,0,0,246.1328,2,0.32,-76.0116
2017-12-09,2,2,3,0,3,896.328,9,0.2,22.4082
2017-10-22,3,1,3,0,3,177.225,5,0.5,-120.513
2017-07-03,3,0,3,0,2,129.39,3,0.0,54.3438
2017-08-23,2,0,2,0,2,2.784,2,0.2,0.4176
2014-10-26,2,0,3,0,2,63.92,4,0.0,3.196
2014-11-04,3,0,3,0,3,573.728,4,0.2,-64.5444
2017-12-07,3,0,2,0,2,82.38,6,0.0,25.5378
2015-12-20,3,0,3,0,2,14.368,2,0.2,3.9512
2016-09-18,3,0,1,0,1,631.782,2,0.1,140.396
2016-09-18,3,0,1,0,2,60.72,3,0.0,26.1096
2017-12-11,1,0,0,0,2,77.72,1,0.6,-66.062
2017-12-11,1,0,0,0,1,520.464,2,0.3,-14.8704
2014-04-25,3,2,3,0,2,303.25,5,0.0,63.6825
2014-04-25,3,2,3,0,1,1487.04,5,0.2,148.704
2015-10-25,3,0,3,0,3,253.176,3,0.2,-31.647
2015-07-20,3,0,0,0,0,384.944,4,0.3,-126.4816
2015-07-20,3,0,0,0,0,913.43,5,0.3,-52.196
2017-11-20,0,0,1,0,0,183.968,2,0.2,-25.2956
2014-07-07,3,0,1,0,1,172.186,2,0.3,-46.7362
2014-07-07,3,0,1,0,2,69.008,2,0.2,12.0764
2016-03-17,1,0,1,0,2,971.5,5,0.0,252.59
2014-12-20,3,0,1,0,2,190.848,3,0.2,-21.4704
2017-05-18,0,1,2,0,0,302.94,3,0.0,75.735
2017-03-21,3,0,0,0,1,1805.88,6,0.0,523.7052
2016-11-03,2,0,2,0,2,24.1,5,0.0,9.158
2016-11-03,2,0,2,0,3,842.94,3,0.0,160.1586
2015-06-19,3,0,3,0,2,12.56,2,0.0,4.0192
2016-07-04,0,0,3,0,2,25.4,5,0.0,8.636
2016-07-04,0,0,3,0,0,1279.165,5,0.15,225.735
2015-09-03,3,2,3,0,1,129.568,2,0.2,-12.9568
2017-09-28,0,2,3,0,2,32.776,1,0.2,3.2776
2017-11-24,3,0,1,0,0,321.568,2,0.2,-16.0784
2017-05-08,3,1,1,0,1,128.058,3,0.3,-23.7822
2017-09-29,1,2,1,0,1,63.686,1,0.3,-15.4666
2017-09-29,1,2,1,0,3,344.22,2,0.4,-189.321
2017-09-29,1,2,1,0,2,21.248,4,0.2,7.4368
2017-10-22,1,0,0,0,3,248.98,2,0.0,54.7756
2017-08-14,3,0,3,0,3,418.296,3,0.2,5.2287
2014-12-01,2,0,1,0,2,8.128,2,0.2,1.4224
2014-12-01,2,0,1,0,1,909.72,6,0.3,-51.984
2017-06-18,3,0,3,0,0,917.9235,9,0.15,75.5937
2014-12-24,3,2,3,0,2,23.99,1,0.0,5.5177
2017-05-23,3,0,3,0,3,171.288,3,0.2,-6.4233
2016-11-10,3,1,0,0,2,37.3,2,0.0,17.158
2016-10-27,2,0,2,0,1,290.98,1,0.0,75.6548
2014-02-20,3,1,0,0,2,20.32,4,0.0,6.9088
2014-11-02,3,0,1,0,2,89.34,6,0.0,24.1218
2017-07-17,3,2,1,0,2,39.08,4,0.0,14.4596
2016-11-14,0,0,1,0,1,408.006,2,0.1,72.5344
2014-10-10,1,2,3,0,1,122.352,3,0.2,13.7646
2017-07-08,3,2,3,0,2,15.84,3,0.0,4.9104
2015-02-27,3,1,1,0,3,493.92,7,0.3,-28.224
2015-07-12,2,0,0,0,1,383.607,9,0.3,-5.4801
2015-07-12,2,0,0,0,2,7.76,1,0.6,-2.134
2014-07-13,3,1,3,0,3,351.216,3,0.2,4.3902
2014-12-27,3,0,3,0,1,230.28,3,0.2,23.028
2014-05-05,0,0,0,0,1,127.869,3,0.3,-9.1335
2015-12-04,2,1,3,0,2,36.4,5,0.0,13.832
2017-09-26,3,2,2,0,1,419.136,4,0.2,-57.6312
2014-04-19,2,2,3,0,2,76.14,3,0.0,26.649
2016-12-12,3,2,0,0,2,33.48,4,0.0,8.7048
2016-09-19,0,2,1,0,2,25.632,3,0.2,3.8448
2017-11-02,2,2,3,0,2,25.02,3,0.0,10.5084
2016-12-26,3,1,3,0,1,146.352,3,0.2,-5.4882
2016-12-26,3,1,3,0,3,902.712,3,0.2,33.8517
2015-07-16,3,2,1,0,1,150.98,1,0.0,43.7842
2017-11-09,3,0,3,0,2,47.12,8,0.0,20.7328
2015-09-21,3,2,1,0,1,542.94,3,0.0,141.1644
2017-09-09,3,0,2,0,2,14.136,3,0.2,4.2408
2015-10-15,1,0,0,0,2,17.14,2,0.0,6.1704
2017-08-03,2,0,3,0,2,123.96,3,0.0,11.1564
2015-08-21,3,1,3,0,0,586.398,6,0.15,34.494
2017-10-22,2,0,3,0,1,579.136,4,0.2,-28.9568
2016-08-12,3,2,1,0,1,145.764,2,0.1,-8.098
2016-04-26,3,2,1,0,1,434.646,3,0.1,62.7822
2015-05-03,3,0,1,0,1,844.116,6,0.3,-36.1764
2016-01-10,3,1,3,0,2,79.92,4,0.0,34.3656
2017-05-06,3,1,0,0,0,623.4648,7,0.32,-119.1918
2016-07-31,3,0,0,0,2,272.94,3,0.0,30.0234
2017-03-27,2,0,1,0,2,15.008,2,0.2,1.5008
2016-08-29,3,1,1,0,3,241.92,4,0.4,-56.448
2016-08-29,3,1,1,0,0,163.88,4,0.5,-81.94
2014-12-20,0,0,3,0,2,51.968,2,0.2,10.3936
2014-12-20,0,0,3,0,1,242.352,3,0.2,-42.4116
2015-12-17,1,0,0,0,1,302.94,3,0.0,48.4704
2015-12-17,1,0,0,0,1,142.36,2,0.0,38.4372
2015-12-17,1,0,0,0,1,546.66,9,0.0,136.665
2015-12-17,1,0,0,0,2,212.13,3,0.0,14.8491
2017-05-11,3,2,0,0,2,7.996,1,0.6,-6.9965
2016-05-17,0,0,1,0,2,173.24,4,0.0,17.324
2014-12-16,3,0,0,0,2,56.568,2,0.6,-74.9526
2017-12-03,2,2,3,0,3,521.96,2,0.0,88.7332
2014-06-07,2,0,0,0,3,268.935,3,0.5,-209.7693
2014-11-25,2,2,1,0,0,275.952,3,0.2,-37.9434
2015-03-29,2,0,3,0,2,19.92,3,0.0,9.5616
2016-04-07,3,1,1,0,1,658.746,3,0.1,146.388
2015-02-18,3,0,3,0,3,35.544,1,0.2,-0.8886
2016-03-03,1,1,3,0,2,35.28,3,0.0,11.9952
2017-11-20,3,0,2,0,1,209.568,2,0.2,-23.5764
2017-11-23,3,0,0,0,2,6.464,1,0.6,-4.04
2014-07-08,0,0,1,0,1,63.882,1,0.1,10.647
2014-11-07,3,0,0,0,1,683.144,4,0.3,0.0
2015-12-11,3,0,3,0,0,69.576,4,0.7,-143.7904
2015-12-11,3,0,3,0,2,52.416,9,0.2,15.0696
2015-12-11,3,0,3,0,2,54.92,5,0.2,10.984
2015-12-11,3,0,3,0,3,364.95,5,0.5,-248.166
2015-03-16,3,1,3,0,2,43.13,1,0.0,18.1146
2016-05-14,3,1,2,0,2,30.192,3,0.2,8.3028
2017-07-13,2,0,1,0,2,91.008,9,0.2,19.3392
2016-11-14,2,0,1,0,1,380.058,3,0.3,-21.7176
2016-11-14,2,0,1,0,2,48.576,3,0.2,9.7152
2016-11-21,3,0,1,0,1,127.554,3,0.3,-9.111
2016-11-21,3,0,1,0,2,77.952,3,0.2,15.5904
2017-11-20,3,2,2,0,2,27.58,2,0.0,11.5836
2014-09-08,3,0,3,0,1,975.92,5,0.2,121.99
2014-12-12,2,0,3,0,2,12.54,3,0.0,4.5144
2014-12-12,2,0,3,0,2,9.24,3,0.0,4.4352
2015-01-13,3,0,3,0,2,77.6,4,0.0,38.024
2015-01-13,3,0,3,0,2,464.85,9,0.0,92.97
2017-11-13,3,0,3,0,1,2404.704,6,0.2,150.294
2017-11-02,2,1,2,0,1,975.92,4,0.0,292.776
2016-11-28,2,1,2,0,1,182.67,3,0.0,52.9743
2014-10-15,0,0,1,0,1,183.372,2,0.3,-7.8588
2014-12-01,2,1,0,0,1,674.058,3,0.3,-19.2588
2017-10-09,2,0,0,0,1,254.058,3,0.3,-32.6646
2016-01-02,3,1,1,0,0,173.94,3,0.0,38.2668
2017-10-19,3,0,0,0,3,91.275,1,0.5,-67.5435
2017-12-01,3,2,1,0,1,897.15,3,0.0,251.202
2014-01-13,3,0,3,0,0,333.999,3,0.15,3.9294
2015-02-06,3,0,1,0,1,1268.82,9,0.0,266.4522
2015-02-06,3,0,1,0,0,283.92,4,0.0,82.3368
2017-11-27,3,0,3,0,2,18.84,3,0.0,6.0288
2014-06-09,2,1,3,0,2,37.4,2,0.0,14.212
2014-03-07,0,0,3,0,1,48.712,1,0.2,5.4801
2015-08-02,2,2,1,0,1,110.98,1,0.0,15.5372
2016-11-06,0,1,2,0,1,207.984,2,0.2,-28.5978
2016-11-06,0,1,2,0,2,35.568,2,0.2,5.7798
2016-04-24,3,2,3,0,1,1325.76,6,0.2,149.148
2015-12-18,3,1,2,0,2,20.32,5,0.2,3.556
2017-05-11,0,1,3,0,0,209.979,7,0.7,-356.9643
2014-11-24,3,0,1,0,2,35.168,7,0.2,9.6712
2014-11-15,0,0,3,0,2,10.11,3,0.0,3.2352
2016-12-18,3,0,3,0,2,39.92,4,0.0,11.1776
2017-07-29,3,0,0,0,1,302.67,3,0.0,72.6408
2016-12-26,3,1,1,0,1,212.94,3,0.0,25.5528
2015-08-09,2,2,0,0,0,687.4,5,0.0,48.118
2014-04-06,3,1,3,0,3,653.55,3,0.0,111.1035
2015-07-11,0,1,1,0,3,199.836,4,0.3,-37.1124
2016-11-10,2,0,3,0,2,467.46,9,0.0,191.6586
2015-01-03,2,0,0,0,0,1352.3976,9,0.32,-437.5404
2015-05-08,3,0,0,0,2,123.96,3,0.0,11.1564
2017-11-30,3,0,2,0,3,1781.682,7,0.4,-653.2834
2014-08-08,3,2,0,0,2,53.88,6,0.0,22.6296
2014-04-20,2,0,0,0,3,744.1,5,0.3,-95.67
2014-04-20,2,0,0,0,3,401.59,2,0.3,-131.951
2017-11-25,3,0,3,0,0,359.499,3,0.15,-29.6058
2014-12-06,3,0,0,0,3,214.95,5,0.5,-120.372
2014-12-06,3,0,0,0,2,10.776,3,0.6,-4.8492
2014-12-14,3,0,2,0,1,186.304,4,0.2,13.9728
2015-11-13,1,0,0,0,2,17.496,9,0.6,-7.4358
2014-09-14,1,0,1,0,3,464.292,9,0.4,-108.3348
2017-12-29,3,1,3,0,2,101.12,8,0.0,37.4144
2016-11-13,3,1,0,0,2,30.36,4,0.0,13.0548
2016-04-01,3,0,1,0,1,1317.492,6,0.1,292.776
2017-02-02,3,0,3,0,2,86.26,2,0.0,29.3284
2017-12-24,3,2,3,0,2,8.544,4,0.2,1.9224
2017-12-24,3,2,3,0,1,842.376,3,0.2,105.297
2015-08-07,0,0,0,0,2,212.94,3,0.0,34.0704
2017-06-30,2,2,0,0,1,569.058,3,0.3,-178.8468
2017-06-30,2,2,0,0,2,14.224,2,0.6,-10.3124
2014-07-30,3,1,3,0,0,1367.84,8,0.0,259.8896
2016-11-18,2,0,0,0,1,301.96,2,0.0,33.2156
2015-07-06,3,0,3,0,1,170.352,3,0.2,-17.0352
2014-11-10,3,0,0,0,1,563.94,3,0.0,112.788
2016-05-27,2,1,0,0,1,3504.9,5,0.0,700.98
2017-10-19,3,0,0,0,0,328.3992,3,0.32,-91.7586
2015-04-13,3,1,3,0,2,37.68,2,0.0,15.8256
2015-09-13,3,0,0,0,1,1516.2,7,0.0,394.212
2014-11-28,2,1,2,0,2,397.6,5,0.0,43.736
2015-08-15,3,0,3,0,2,104.23,7,0.0,28.1421
2017-09-01,1,0,0,0,1,498.26,7,0.0,134.5302
2014-06-14,3,2,0,0,0,212.94,3,0.0,57.4938
2016-06-21,3,0,1,0,0,353.568,2,0.2,-44.196
2017-03-19,2,0,3,0,3,697.16,5,0.2,8.7145
2017-03-19,2,0,3,0,2,30.93,1,0.0,12.6813
2014-10-18,3,1,2,0,1,605.34,6,0.0,145.2816
2017-08-22,0,0,3,0,3,210.008,1,0.2,2.6251
2014-09-20,3,0,1,0,2,164.22,3,0.0,50.9082
2014-09-20,3,0,1,0,0,362.94,3,0.0,36.294
2016-08-02,2,1,3,0,3,136.464,2,0.2,15.3522
2015-03-05,2,1,1,0,1,99.372,2,0.3,-7.098
2015-03-05,2,1,1,0,2,33.568,2,0.2,-5.4548
2014-09-07,0,2,0,0,3,200.795,1,0.3,-22.948
2017-09-11,1,0,3,0,2,32.36,4,0.0,11.6496
2017-01-16,1,1,3,0,2,27.92,4,0.0,8.0968
2017-01-16,1,1,3,0,3,399.672,7,0.2,-14.9877
2015-11-07,2,0,1,0,1,715.2,3,0.0,178.8
2014-09-13,3,2,0,0,1,340.116,6,0.3,-9.7176
2015-09-05,3,1,0,0,2,6.16,2,0.0,2.9568
2017-05-05,0,0,3,0,0,89.991,3,0.7,-152.9847
2014-09-08,3,0,0,0,1,966.7,5,0.3,-13.81
2015-12-26,3,0,1,0,3,51.588,1,0.4,-15.4764
2017-07-27,3,0,1,0,2,14.89,1,0.0,4.0203
2016-05-30,3,1,2,0,3,2275.5,10,0.0,386.835
2014-11-16,3,0,0,0,1,37.296,2,0.3,-1.0656
2014-09-21,0,2,0,0,2,8.544,2,0.6,-7.476
2016-02-21,3,1,1,0,2,68.95,5,0.0,28.959
2017-11-19,0,0,0,0,1,191.058,3,0.3,-46.3998
2017-04-30,3,1,3,0,2,64.96,2,0.0,21.4368
2016-05-02,3,0,2,0,1,187.056,9,0.2,11.691
2017-10-02,0,2,2,0,2,11.808,2,0.2,1.3284
2017-10-02,0,2,2,0,2,9.656,1,0.2,1.5691
2017-10-02,0,2,2,0,3,2314.116,7,0.4,-1002.7836
2017-10-02,0,2,2,0,2,19.76,2,0.2,5.928
2015-12-04,3,0,3,0,2,25.08,6,0.0,9.0288
2016-09-04,3,0,1,0,2,63.94,1,0.0,24.9366
2014-08-26,3,0,1,0,2,10.68,4,0.0,4.0584
2014-05-13,3,1,3,0,1,279.456,6,0.2,20.9592
2017-04-14,3,1,2,0,0,198.272,8,0.2,-32.2192
2016-12-29,3,0,0,0,2,70.56,6,0.0,23.9904
2017-04-08,3,1,0,0,2,273.96,2,0.0,71.2296
2017-04-08,3,1,0,0,2,306.9,3,0.0,79.794
2015-10-24,3,1,0,0,3,347.361,7,0.3,-69.4722
2014-11-19,3,1,1,0,0,1025.88,6,0.0,235.9524
2016-09-24,1,1,3,0,2,63.2,5,0.0,23.384
2016-04-09,3,0,3,0,0,556.665,5,0.15,6.549
2016-12-03,0,0,3,0,2,111.9,6,0.0,51.474
2016-06-14,1,2,3,0,0,599.165,5,0.15,35.245
2014-09-05,0,0,2,0,2,31.984,2,0.2,1.999
2014-07-05,0,1,2,0,2,19.52,2,0.2,5.368
2014-07-05,0,1,2,0,2,213.216,3,0.2,15.9912
2014-09-12,3,2,0,0,2,40.56,2,0.0,12.9792
2017-12-29,3,0,3,0,2,68.46,2,0.0,20.538
2017-09-04,2,0,3,0,3,1478.272,8,0.2,92.392
2017-09-28,3,0,3,0,2,9.24,3,0.0,4.4352
2014-01-19,0,0,3,0,0,181.47,5,0.7,-320.597
2016-06-09,3,0,3,0,1,122.352,3,0.2,13.7646
2014-09-26,0,2,3,0,1,585.552,3,0.2,73.194
2017-12-19,3,0,3,0,2,13.36,5,0.2,4.008
2017-12-19,3,0,3,0,0,102.018,7,0.7,-183.6324
2017-01-30,3,0,2,0,1,419.136,4,0.2,-68.1096
2017-04-01,2,1,2,0,1,218.352,3,0.2,-19.1058
2014-11-28,1,2,3,0,0,411.332,4,0.15,-4.8392
2017-07-15,2,0,1,0,1,664.146,6,0.1,88.5528
2017-11-02,3,1,1,0,2,3.312,1,0.2,0.6624
2015-10-08,3,0,3,0,2,145.9,5,0.0,62.737
2017-12-04,3,1,1,0,1,239.96,10,0.3,-10.284
2017-12-04,3,1,1,0,2,54.768,2,0.2,6.846
2017-05-22,3,0,0,0,1,181.986,2,0.3,-54.5958
2016-12-19,3,1,3,0,3,455.97,6,0.5,-218.8656
2017-09-07,0,0,3,0,2,25.16,2,0.0,10.5672
2014-11-12,3,1,0,0,0,67.9932,1,0.32,-12.9987
2017-10-02,2,1,2,0,2,10.16,2,0.0,3.4544
2015-12-14,3,1,2,0,2,6.16,2,0.0,1.9712
2017-03-13,1,2,0,0,1,89.768,1,0.3,-2.5648
2016-12-12,3,0,3,0,2,383.64,6,0.0,122.7648
2017-09-09,2,0,3,0,1,243.92,5,0.2,-15.245
2017-10-04,3,2,1,0,2,19.98,1,0.0,8.5914
2014-12-15,2,0,3,0,2,6.16,2,0.0,1.9712
2014-10-13,2,1,1,0,1,245.98,2,0.0,27.0578
2016-09-20,3,1,2,0,2,17.088,2,0.2,1.068
2016-09-20,3,1,2,0,1,98.392,1,0.2,-11.0691
2017-06-30,3,1,2,0,2,19.52,2,0.2,5.368
2016-09-25,3,1,0,0,1,201.96,2,0.0,50.49
2016-09-25,3,1,0,0,2,68.64,11,0.0,17.16
2014-09-29,2,2,3,0,2,6.16,2,0.0,2.9568
2014-09-29,2,2,3,0,3,2348.82,9,0.0,399.2994
2017-06-26,3,1,2,0,1,273.552,3,0.2,-13.6776
2016-08-21,2,2,1,0,3,815.292,9,0.4,-339.705
2014-02-11,3,0,2,0,3,1256.22,6,0.0,75.3732
2017-03-26,3,1,0,0,2,60.84,3,0.0,23.1192
2014-12-21,3,0,3,0,1,1325.76,6,0.2,149.148
2014-12-21,3,0,3,0,1,572.16,3,0.2,35.76
2016-04-01,2,2,2,0,2,7.04,4,0.0,3.0976
2017-04-14,3,1,1,0,2,74.45,5,0.0,20.1015
2015-01-04,3,1,2,0,2,192.22,14,0.0,69.1992
2017-07-17,2,1,3,0,0,1194.165,5,0.15,210.735
2016-12-18,0,2,3,0,3,377.45,5,0.5,-264.215
2016-09-24,3,2,3,0,2,21.44,2,0.2,7.504
2015-06-09,2,0,3,0,2,355.36,4,0.0,92.3936
2014-12-29,3,0,0,0,2,38.976,3,0.6,-50.6688
2014-07-28,1,0,2,0,2,129.888,6,0.2,12.9888
2015-12-26,3,2,0,0,1,275.058,3,0.3,-90.3762
2015-12-10,3,1,1,0,1,542.94,3,0.0,141.1644
2016-05-05,2,0,3,0,3,71.088,2,0.2,-1.7772
2014-12-14,3,0,1,0,3,136.53,1,0.4,-52.3365
2015-05-08,3,0,1,0,2,79.44,3,0.0,30.1872
2015-05-08,3,0,1,0,1,127.764,2,0.1,21.294
2017-12-08,3,0,0,0,0,459.92,4,0.0,41.3928
2017-06-29,0,1,1,0,0,638.82,9,0.0,185.2578
2017-06-29,0,1,1,0,2,25.16,2,0.0,8.5544
2014-01-20,3,0,3,0,2,19.3,2,0.0,5.79
2017-03-28,0,1,3,0,2,26.48,1,0.0,10.0624
2017-03-28,0,1,3,0,2,21.56,7,0.0,6.8992
2014-05-30,3,0,0,0,3,355.455,3,0.5,-184.8366
2016-02-03,3,0,2,0,1,866.4,4,0.0,225.264
2015-08-11,3,0,2,0,2,46.152,3,0.2,12.1149
2017-08-12,0,0,3,0,2,54.92,4,0.0,19.7712
2015-11-03,0,1,1,0,1,1448.82,10,0.1,209.274
2015-09-24,3,1,3,0,2,14.91,3,0.0,4.6221
2016-04-12,3,0,3,0,1,638.288,7,0.2,-31.9144
2014-11-11,3,0,3,0,1,112.648,1,0.2,11.2648
2017-10-02,3,0,3,0,0,217.764,6,0.7,-384.7164
2017-04-10,2,1,2,0,2,12.32,5,0.2,1.848
2017-09-29,0,0,3,0,1,72.784,1,0.2,0.0
2017-09-29,0,0,3,0,2,51.75,1,0.0,15.525
2014-09-29,2,0,1,0,2,117.36,4,0.0,36.3816
2014-08-20,2,0,0,0,1,421.372,2,0.3,-6.0196
2017-11-13,3,1,0,0,0,205.9992,3,0.32,-27.2646
2016-02-06,3,1,2,0,2,132.224,4,0.2,-18.1808
2015-03-22,3,1,3,0,2,91.96,2,0.0,15.6332
2017-05-12,3,1,3,0,3,285.48,5,0.2,-10.7055
2017-09-03,2,2,1,0,1,90.801,1,0.1,14.1246
2017-09-03,2,2,1,0,1,181.764,2,0.1,-8.0784
2016-12-03,3,0,0,0,3,581.96,2,0.0,104.7528
2016-12-03,3,0,0,0,1,29.98,1,0.0,8.0946
2016-07-21,3,0,2,0,1,363.92,5,0.2,0.0
2015-09-22,2,2,2,0,2,47.98,2,0.0,11.0354
2015-11-17,3,0,3,0,2,80.96,4,0.0,29.1456
2015-11-17,3,0,3,0,1,225.568,2,0.2,2.8196
2015-11-17,3,0,3,0,2,36.6,3,0.0,15.372
2015-11-10,3,2,0,0,2,29.22,3,0.0,12.8568
2015-08-05,3,1,0,0,2,14.76,5,0.6,-11.439
2017-09-03,2,0,3,0,0,239.666,2,0.15,14.098
2015-11-01,3,0,2,0,3,301.96,2,0.0,45.294
2014-08-05,2,1,1,0,1,1133.35,5,0.0,294.671
2016-11-07,3,2,3,0,1,1603.136,4,0.2,100.196
2016-06-14,1,1,3,0,3,1293.488,7,0.2,80.843
2016-09-24,3,0,0,0,2,127.95,3,0.0,21.7515
2016-09-18,3,1,3,0,1,801.568,2,0.2,50.098
2016-09-18,3,1,3,0,1,885.528,9,0.2,-99.6219
2016-03-13,2,1,3,0,2,28.28,2,0.0,7.3528
2016-04-03,3,0,0,0,2,71.12,4,0.0,22.0472
2016-11-27,3,1,1,0,2,31.56,3,0.0,10.4148
2016-12-02,3,1,3,0,2,14.52,3,0.0,5.6628
2015-09-17,3,0,1,0,1,199.764,2,0.1,8.8784
2015-09-17,3,0,1,0,0,4228.704,6,0.2,158.5764
2015-09-17,3,0,1,0,0,2003.92,5,0.2,-25.049
2016-11-26,2,1,1,0,3,313.176,2,0.4,-120.0508
2014-04-08,3,1,2,0,3,1215.92,8,0.0,316.1392
2014-10-11,3,1,2,0,2,8.92,4,0.0,3.9248
2017-07-07,0,0,1,0,0,87.21,3,0.5,-45.3492
2016-07-04,1,2,3,0,2,25.4,5,0.0,8.636
2014-08-25,3,1,3,0,2,6.28,1,0.0,2.6376
2014-11-11,2,1,1,0,2,23.968,2,0.2,7.7896
2014-11-11,2,1,1,0,0,521.96,4,0.5,-250.5408
2016-03-12,2,1,3,0,1,770.352,3,0.2,77.0352
2017-02-09,2,1,3,0,2,21.12,4,0.0,6.5472
2014-07-20,0,0,3,0,2,43.02,3,0.0,15.4872
2017-02-06,3,0,1,0,0,240.784,1,0.2,30.098
2014-09-07,3,2,0,0,3,429.9,5,0.0,111.774
2014-09-07,3,2,0,0,1,161.96,2,0.0,45.3488
2016-07-19,3,0,2,0,2,185.58,6,0.0,76.0878
2016-07-19,3,0,2,0,0,504.9,5,0.0,126.225
2017-09-15,3,0,3,0,1,184.752,3,0.2,-20.7846
2016-12-11,1,1,1,0,1,458.43,5,0.3,-137.529
2016-12-11,1,1,1,0,3,328.59,3,0.4,-147.8655
2014-12-10,3,1,3,0,1,338.352,3,0.2,4.2294
2014-12-13,3,1,3,0,2,87.96,3,0.2,7.6965
2017-09-07,3,0,3,0,2,19.76,4,0.0,8.2992
2015-11-02,3,0,1,0,1,109.764,2,0.1,8.5372
2017-04-01,0,1,2,0,2,127.95,3,0.0,21.7515
2014-04-06,3,1,3,0,2,91.96,2,0.0,15.6332
2014-04-06,3,1,3,0,2,33.11,7,0.0,12.9129
2017-07-06,1,0,2,0,1,239.24,1,0.2,23.924
2016-12-25,3,1,1,0,2,21.12,4,0.0,6.5472
2015-12-14,3,2,3,0,2,15.24,3,0.0,5.1816
2016-09-04,3,0,2,0,2,42.6,3,0.0,16.614
2016-02-04,3,0,3,0,2,14.368,2,0.2,3.9512
2017-05-19,2,1,2,0,1,314.352,3,0.2,-35.3646
2015-09-03,3,1,3,0,2,238.152,3,0.2,89.307
2016-06-09,3,2,0,0,3,692.94,3,0.0,173.235
2016-09-23,2,2,1,0,2,28.0,4,0.2,7.7
2017-05-20,3,2,3,0,1,518.272,8,0.2,-97.176
2017-05-20,3,2,3,0,2,6.98,1,0.0,3.3504
2016-09-01,3,0,1,0,2,191.82,3,0.0,61.3824
2014-02-18,1,0,0,0,2,25.16,5,0.6,-11.322
2015-12-14,3,0,3,0,2,29.22,3,0.0,12.8568
2017-09-20,3,0,1,0,1,272.646,3,0.1,18.1764
2017-09-20,3,0,1,0,1,80.991,1,0.1,8.0991
2017-09-20,3,0,1,0,1,2888.127,11,0.1,609.7157
2017-09-20,3,0,1,0,1,2254.41,5,0.1,375.735
2017-08-22,0,2,1,0,3,314.532,2,0.4,-83.8752
2016-11-12,3,0,1,0,1,1474.802,7,0.3,-21.0686
2016-11-12,3,0,1,0,1,1537.074,9,0.3,0.0
2016-11-12,3,0,1,0,1,449.372,2,0.3,-12.8392
2017-09-19,3,1,3,0,2,409.216,8,0.2,61.3824
2017-09-19,3,1,3,0,0,72.588,2,0.7,-128.2388
2016-03-31,3,0,1,0,1,327.996,6,0.1,54.666
2014-12-27,3,2,1,0,1,767.214,14,0.1,161.9674
2016-08-16,0,1,3,0,3,161.28,2,0.2,12.096
2014-03-30,3,0,3,0,0,205.666,2,0.15,-12.098
2017-12-28,0,1,3,0,1,340.704,6,0.2,-34.0704
2016-04-08,0,0,2,0,0,354.9,5,0.0,88.725
2014-03-18,2,2,3,0,0,1198.33,10,0.15,70.49
2017-04-20,0,1,1,0,2,51.968,2,0.2,10.3936
2017-04-20,0,1,1,0,2,42.408,3,0.2,9.5418
2014-03-19,0,1,2,0,2,4.992,3,0.2,1.3728
2014-03-19,0,1,2,0,2,20.016,3,0.2,5.5044
2015-09-21,3,0,2,0,1,1690.04,4,0.0,422.51
2016-12-11,0,2,3,0,1,403.92,5,0.2,25.245
2016-12-24,3,0,1,0,2,799.56,9,0.0,207.8856
2016-12-16,3,0,3,0,1,563.92,5,0.2,7.049
2017-12-01,0,2,1,0,2,7.712,2,0.2,1.7352
2016-10-20,2,0,0,0,1,56.686,1,0.3,-14.5764
2017-08-18,3,1,3,0,2,65.94,3,0.0,22.4196
2015-11-28,3,1,1,0,2,68.16,3,0.0,27.9456
2017-12-23,3,0,2,0,2,72.704,4,0.2,19.0848
2015-10-05,3,0,3,0,0,66.294,1,0.7,-103.8606
2015-10-05,3,0,3,0,1,291.168,4,0.2,-14.5584
2017-09-11,1,0,3,0,1,177.568,2,0.2,8.8784
2015-12-12,3,0,3,0,2,166.5,3,0.0,21.645
2017-05-28,2,1,1,0,2,247.44,8,0.0,101.4504
2015-11-20,3,2,3,0,2,22.14,3,0.0,6.4206
2017-05-29,3,0,0,0,2,6.24,3,0.0,2.6208
2015-09-08,3,1,2,0,2,21.36,8,0.0,8.1168
2017-12-02,3,1,3,0,1,1159.056,9,0.2,43.4646
2016-07-17,2,0,3,0,2,12.42,3,0.0,4.4712
2016-07-17,2,0,3,0,2,24.75,5,0.0,10.89
2015-11-20,3,0,1,0,2,63.824,2,0.2,9.5736
2016-09-24,3,1,3,0,1,563.24,5,0.2,56.324
2016-10-21,3,1,1,0,3,661.176,2,0.4,-231.4116
2014-07-08,3,1,3,0,3,502.488,3,0.2,-87.9354
2015-03-13,2,2,3,0,1,915.136,4,0.2,102.9528
2015-03-13,2,2,3,0,2,327.76,8,0.0,91.7728
2017-12-02,0,0,2,0,1,701.96,2,0.0,168.4704
2017-11-30,0,2,3,0,2,25.83,3,0.0,9.5571
2016-11-04,2,1,3,0,1,104.784,1,0.2,-14.4078
2016-11-04,2,1,3,0,1,650.352,3,0.2,-97.5528
2014-09-11,3,0,3,0,2,127.95,3,0.0,21.7515
2014-01-20,3,0,0,0,2,272.94,3,0.0,30.0234
2014-01-20,3,0,0,0,2,14.73,3,0.0,4.8609
2016-08-30,3,0,3,0,2,47.04,4,0.0,15.9936
2017-10-05,3,1,1,0,1,221.382,2,0.1,2.4598
2017-09-03,3,0,0,0,2,108.4,5,0.6,-105.69
2016-10-03,3,1,0,0,2,38.08,5,0.6,-29.512
2016-11-21,1,2,1,0,0,113.568,2,0.2,12.7764
2017-10-03,2,2,1,0,2,83.92,4,0.0,21.8192
2014-04-29,3,1,2,0,1,561.584,2,0.2,70.198
2016-12-15,3,0,3,0,2,14.76,2,0.0,4.2804
2016-03-29,3,0,1,0,0,299.975,5,0.5,-167.986
2016-12-14,3,0,1,0,2,396.92,4,0.0,198.46
2017-05-30,0,0,2,0,0,241.96,2,0.0,33.8744
2017-05-30,0,0,2,0,2,8.01,3,0.0,3.0438
2017-08-31,2,1,3,0,1,569.568,2,0.2,7.1196
2017-05-14,0,0,0,0,1,899.43,5,0.3,-12.849
2016-10-31,3,1,0,0,1,368.97,3,0.0,81.1734
2015-10-24,0,2,3,0,1,454.272,8,0.2,-73.8192
2014-11-03,3,0,2,0,3,945.036,6,0.4,-299.2614
2014-11-03,3,0,2,0,2,410.352,3,0.2,-51.294
2017-05-27,0,0,3,0,2,35.0,4,0.0,14.7
2017-12-14,3,0,0,0,3,974.988,4,0.3,-97.4988
2014-10-04,0,0,1,0,1,589.41,5,0.1,-6.549
2016-10-13,3,1,1,0,2,82.26,3,0.0,33.7266
2017-03-04,2,2,0,0,2,103.5,5,0.6,-77.625
2017-07-31,0,0,3,0,2,36.96,7,0.0,11.4576
2017-05-14,0,1,1,0,1,261.96,2,0.0,23.5764
2016-09-22,3,2,2,0,2,13.28,2,0.0,6.3744
2016-12-02,3,2,1,0,2,72.42,6,0.0,23.8986
2014-01-14,0,1,1,0,0,61.96,4,0.5,-53.2856
2017-06-03,3,0,2,0,0,241.568,2,0.2,0.0
2017-06-03,3,1,1,0,3,384.768,2,0.4,-115.4304
2014-09-15,3,1,1,0,2,103.936,4,0.2,16.8896
2016-11-20,3,1,2,0,0,289.568,2,0.2,10.8588
2015-07-24,3,2,2,0,2,20.94,3,0.0,6.0726
2016-10-09,2,1,1,0,2,332.832,4,0.2,-24.9624
2017-09-15,3,0,3,0,1,218.352,3,0.2,0.0
2017-09-15,3,0,3,0,2,529.9,5,0.0,105.98
2017-01-16,2,0,0,0,1,302.67,3,0.0,72.6408
2014-11-17,3,0,1,0,0,4007.84,10,0.2,-50.098
2014-10-20,0,1,2,0,3,328.59,3,0.4,-147.8655
2015-10-25,3,1,1,0,1,291.1,5,0.0,75.686
2017-11-16,0,0,3,0,2,139.92,2,0.0,23.7864
2014-03-01,3,2,0,0,1,634.116,6,0.3,-172.1172
2015-07-30,0,2,0,0,1,155.88,6,0.0,38.97
2015-11-01,2,0,1,0,1,327.564,4,0.1,21.8376
2015-06-05,3,1,1,0,1,1522.638,9,0.1,169.182
2014-05-07,3,0,1,0,3,194.25,2,0.3,-38.85
2014-05-07,3,0,1,0,1,872.32,4,0.0,244.2496
2014-04-18,3,0,0,0,1,317.058,3,0.3,-18.1176
2017-03-03,3,0,3,0,1,170.352,3,0.2,-17.0352
2016-10-22,1,0,3,0,2,101.94,3,0.0,30.582
2017-07-21,3,0,2,0,2,8.8,5,0.0,3.872
2017-07-21,3,0,2,0,0,302.94,3,0.0,69.6762
2014-12-02,3,1,1,0,2,60.72,3,0.0,23.6808
2014-12-02,3,1,1,0,1,239.84,8,0.0,64.7568
2016-05-26,3,0,3,0,1,484.704,6,0.2,-84.8232
2015-04-21,3,0,2,0,1,191.96,2,0.0,51.8292
2015-04-21,3,0,2,0,2,209.88,3,0.0,35.6796
2016-06-17,0,0,3,0,0,239.666,2,0.15,14.098
2017-01-13,2,1,0,0,0,212.94,3,0.0,53.235
2014-09-06,0,1,3,0,2,41.88,6,0.0,12.1452
2015-01-19,3,0,0,0,3,102.438,1,0.3,-13.1706
2015-01-19,3,0,0,0,1,199.304,4,0.3,-8.5416
2016-12-25,3,0,3,0,1,698.352,3,0.2,52.3764
2016-12-25,3,0,3,0,3,1747.25,5,0.0,629.01
2014-10-31,2,1,1,0,3,1421.664,8,0.4,-734.5264
2016-12-15,3,2,3,0,3,564.195,3,0.5,-304.6653
2017-09-08,0,1,0,0,2,21.184,2,0.6,-11.6512
2017-09-08,0,1,0,0,1,213.43,5,0.3,-39.637
2017-02-20,3,2,3,0,2,68.704,2,0.2,16.3172
2017-02-20,3,2,3,0,3,386.91,9,0.5,-185.7168
2017-10-26,3,0,2,0,3,356.85,5,0.0,60.6645
2017-05-12,2,0,1,0,2,42.85,5,0.0,15.426
2015-09-05,3,2,2,0,2,67.96,4,0.0,12.2328
2014-10-10,3,2,3,0,2,46.872,7,0.2,3.5154
2014-11-05,3,2,3,0,2,20.04,6,0.0,8.8176
2015-12-17,3,0,0,0,2,41.552,2,0.6,-19.7372
2017-07-21,3,0,3,0,1,225.296,2,0.2,22.5296
2015-05-20,3,0,2,0,2,163.136,4,0.2,20.392
2015-11-14,3,0,3,0,1,883.84,4,0.2,99.432
2015-11-14,3,0,3,0,1,230.352,3,0.2,20.1558
2017-12-14,1,0,0,0,2,266.352,6,0.6,-292.9872
2017-12-14,1,0,0,0,2,56.328,3,0.6,-26.7558
2016-04-08,3,2,2,0,2,159.92,4,0.0,31.984
2016-11-04,3,1,2,0,2,50.496,6,0.2,8.2056
2015-06-18,0,1,2,0,1,643.136,4,0.2,56.2744
2014-05-26,3,0,0,0,1,359.772,2,0.3,-5.1396
2017-07-06,3,0,3,0,1,122.136,3,0.2,-13.7403
2016-06-28,2,0,1,0,1,121.96,2,0.0,20.7332
2017-09-15,3,1,1,0,2,47.4,5,0.0,18.96
2017-09-15,3,1,1,0,1,512.96,4,0.0,143.6288
2016-07-24,2,1,1,0,1,253.764,2,0.1,31.0156
2017-04-20,3,0,0,0,1,317.058,3,0.3,-18.1176
2017-04-20,3,0,0,0,2,14.56,5,0.6,-6.188
2016-09-03,2,0,1,0,0,344.94,3,0.0,31.0446
2016-09-03,2,0,1,0,2,14.76,2,0.0,4.2804
2017-07-25,2,0,1,0,2,20.096,4,0.2,3.0144
2017-07-25,2,0,1,0,3,138.588,1,0.4,-34.647
2015-09-13,3,0,2,0,2,129.93,3,0.0,12.993
2016-11-10,3,2,3,0,2,9.98,1,0.0,2.7944
2015-11-16,3,1,0,0,2,34.504,2,0.6,-15.5268
2015-08-25,1,0,0,0,2,20.104,2,0.6,-16.5858
2015-08-25,1,0,0,0,2,7.88,5,0.6,-3.94
2016-12-25,3,1,3,0,3,35.445,1,0.5,-24.1026
2016-12-25,3,1,3,0,1,47.968,2,0.2,4.1972
2015-03-31,3,1,0,0,2,22.38,3,0.6,-7.833
2017-09-14,0,0,1,0,1,113.372,2,0.3,-29.1528
2017-09-14,0,0,1,0,2,127.936,8,0.2,4.7976
2014-06-17,3,0,3,0,2,6.24,3,0.0,2.6208
2017-12-28,3,1,0,0,2,7.968,3,0.6,-2.3904
2017-12-28,3,1,0,0,1,113.372,2,0.3,-3.2392
2017-12-28,3,1,0,0,2,2.96,2,0.6,-1.406
2015-07-25,3,1,2,0,3,358.58,2,0.0,39.4438
2016-09-08,1,0,3,0,3,146.04,1,0.2,-12.7785
2017-10-15,3,1,3,0,2,22.72,1,0.0,9.3152
2016-09-12,3,1,2,0,1,1059.12,4,0.0,307.1448
2014-07-06,3,2,3,0,1,478.48,2,0.2,47.848
2014-04-20,3,0,3,0,2,59.92,4,0.0,27.5632
2016-01-08,3,1,0,0,0,1565.88,6,0.0,407.1288
2017-04-17,3,0,3,0,1,218.352,3,0.2,-19.1058
2016-08-21,3,1,3,0,3,2887.056,9,0.2,180.441
2016-09-05,3,0,2,0,3,1652.94,3,0.0,314.0586
2015-10-15,1,0,0,0,2,131.376,6,0.6,-95.2476
2015-12-01,2,2,3,0,1,2003.92,5,0.2,125.245
2015-12-01,2,2,3,0,3,1913.4,9,0.0,401.814
2015-05-31,3,0,0,0,1,2567.84,8,0.0,770.352
2017-09-18,3,1,2,0,2,20.32,4,0.0,6.9088
2015-05-24,2,0,0,0,1,602.651,7,0.3,-163.5767
2017-12-10,3,1,2,0,2,14.76,2,0.0,4.2804
2017-07-29,3,0,3,0,0,115.96,2,0.0,25.5112
2014-12-16,3,1,3,0,1,1403.92,5,0.2,70.196
2015-11-30,3,0,1,0,0,681.408,12,0.2,42.588
2014-07-14,3,0,1,0,2,31.984,2,0.2,1.1994
2016-09-02,0,2,0,0,2,84.272,2,0.6,-75.8448
2016-09-30,3,0,1,0,0,523.92,5,0.2,-26.196
2015-04-25,3,0,0,0,1,128.058,3,0.3,-23.7822
2017-11-19,1,2,1,0,3,79.974,3,0.4,-29.3238
2016-07-14,3,0,2,0,2,51.75,1,0.0,15.525
2016-01-10,2,0,3,0,2,24.85,5,0.0,7.7035
2015-06-28,3,1,3,0,2,621.76,4,0.2,46.632
2015-11-08,2,0,2,0,2,186.54,3,0.0,41.0388
2015-03-30,3,2,0,0,1,366.744,4,0.3,-110.0232
2014-08-19,2,1,3,0,2,289.24,7,0.0,26.0316
2015-11-01,3,0,1,0,1,205.164,2,0.1,13.6776
2014-12-15,3,1,0,0,2,8.544,2,0.6,-7.476
2015-08-21,3,1,1,0,1,598.458,3,0.3,-42.747
2015-08-21,3,1,1,0,2,25.984,1,0.2,-3.8976
2017-12-09,2,2,3,0,0,148.257,3,0.15,15.6978
2014-08-23,3,0,3,0,2,4.224,3,0.2,1.2672
2016-11-11,3,1,1,0,1,245.646,3,0.1,8.1882
2017-11-09,3,1,3,0,1,523.392,3,0.2,52.3392
2017-12-17,3,0,1,0,2,124.36,2,0.0,27.3592
2017-07-18,3,0,1,0,1,198.744,4,0.3,-14.196
2014-04-08,3,2,3,0,3,99.592,1,0.2,2.4898
2016-12-11,1,0,3,0,1,363.92,5,0.2,-31.843
2016-12-11,1,0,3,0,3,892.136,7,0.2,111.517
2016-09-02,3,0,2,0,3,472.518,3,0.4,-149.6307
2017-06-19,2,1,1,0,1,760.116,6,0.3,-43.4352
2017-06-19,2,1,1,0,2,38.784,3,0.2,7.272
2016-05-05,0,1,3,0,3,1685.88,6,0.0,320.3172
2017-12-01,3,0,3,0,0,141.96,2,0.0,41.1684
2015-08-09,3,1,1,0,2,10.02,3,0.0,4.4088
2016-11-14,3,0,1,0,2,19.92,4,0.0,6.5736
2017-11-26,3,2,0,0,3,257.94,3,0.0,67.0644
2017-11-26,3,2,0,0,2,27.46,2,0.0,9.8856
2017-11-26,3,2,0,0,1,828.6,3,0.0,240.294
2015-11-20,3,0,2,0,0,290.352,3,0.2,-36.294
2017-09-07,1,0,0,0,2,135.3,5,0.0,37.884
2014-11-24,3,2,2,0,2,111.15,5,0.0,48.906
2017-03-11,3,2,1,0,3,154.764,3,0.4,-46.4292
2017-12-22,3,2,2,0,1,141.96,2,0.0,35.49
2017-12-22,2,0,3,0,3,182.55,2,0.5,-135.087
2015-12-25,2,0,2,0,2,275.88,6,0.0,46.8996
2014-07-22,2,0,3,0,1,717.72,3,0.2,71.772
2014-07-22,2,0,3,0,3,170.352,3,0.2,19.1646
2017-10-08,3,0,1,0,1,145.764,2,0.1,3.2392
2017-04-21,0,0,1,0,1,908.82,9,0.0,227.205
2017-08-17,3,2,0,0,1,74.592,4,0.3,-2.1312
2017-08-17,3,2,0,0,2,16.784,2,0.6,-22.2388
2016-11-12,0,2,3,0,3,674.352,3,0.2,-8.4294
2016-11-13,3,2,3,0,2,19.54,2,0.0,7.2298
2016-11-27,3,0,2,0,3,331.023,7,0.45,-114.3534
2016-10-28,1,1,1,0,2,756.8,5,0.0,75.68
2014-12-29,3,2,0,0,2,8.736,3,0.6,-4.8048
2017-10-02,3,0,3,0,2,17.46,2,0.0,5.9364
2016-07-14,3,0,3,0,2,30.8,4,0.0,10.164
2016-03-08,3,0,1,0,2,113.6,8,0.0,44.304
2016-12-24,3,0,3,0,2,43.96,7,0.0,18.4632
2017-04-23,2,0,3,0,2,66.36,7,0.0,26.544
2017-04-23,2,0,3,0,2,24.14,2,0.0,7.9662
2017-08-17,2,0,1,0,1,4416.174,9,0.3,-630.882
2014-03-03,3,1,1,0,0,302.45,5,0.5,-199.617
2016-05-30,3,2,0,0,2,47.4,5,0.0,21.33
2014-11-23,2,1,0,0,1,155.372,2,0.3,-35.5136
2016-01-14,3,0,2,0,2,315.776,8,0.2,31.5776
2016-09-16,3,1,3,0,0,273.666,2,0.15,-12.8784
2015-11-13,3,2,3,0,2,63.98,7,0.0,21.7532
2017-09-09,3,0,1,0,2,66.112,2,0.2,-9.0904
2016-06-20,3,1,0,0,2,57.69,3,0.0,23.6529
2016-01-23,3,0,3,0,2,59.99,7,0.0,21.5964
2015-05-26,3,0,3,0,2,20.24,1,0.0,7.8936
2014-11-18,0,0,0,0,3,292.1,4,0.5,-175.26
2014-11-18,0,0,0,0,2,8.544,2,0.6,-7.476
2014-11-18,0,0,0,0,0,424.116,6,0.3,-30.294
2017-09-04,3,0,2,0,1,97.184,2,0.2,6.074
2014-03-29,3,0,0,0,3,890.841,3,0.3,-152.7156
2016-11-05,2,0,3,0,1,113.888,2,0.2,9.9652
2016-10-16,3,1,1,0,3,142.182,1,0.4,-37.9152
2017-11-26,2,0,1,0,2,135.3,5,0.0,37.884
2017-12-05,0,0,1,0,2,41.96,2,0.0,10.9096
2014-03-18,3,2,3,0,2,111.0,2,0.0,14.43
2016-11-12,0,1,0,0,2,22.752,6,0.6,-8.532
2015-04-11,3,0,2,0,2,67.36,2,0.2,10.104
2015-04-11,3,0,2,0,2,54.528,3,0.2,14.3136
2015-12-25,3,0,1,0,0,449.568,2,0.2,56.196
2014-12-20,2,1,1,0,1,192.186,3,0.1,36.3018
2014-07-26,3,0,2,0,1,67.88,2,0.0,18.3276
2014-07-26,3,0,2,0,2,25.71,3,0.0,9.2556
2017-12-11,3,1,2,0,3,721.875,6,0.45,-420.0
2017-12-11,3,1,2,0,1,64.784,1,0.2,-12.147
2016-10-09,3,2,3,0,2,169.568,2,0.2,0.0
2014-12-30,2,1,1,0,3,523.764,3,0.4,-192.0468
2016-04-12,0,0,3,0,1,194.352,3,0.2,-36.441
2016-11-28,3,1,1,0,1,347.802,7,0.3,-24.843
2016-09-13,3,0,0,0,2,1336.44,14,0.0,387.5676
2017-11-29,3,0,2,0,1,390.368,2,0.2,48.796
2017-11-29,3,0,2,0,2,101.52,5,0.2,19.035
2016-12-25,3,1,1,0,3,313.176,2,0.4,-120.0508
2016-12-25,3,1,1,0,1,866.646,3,0.1,173.3292
2016-09-08,3,0,3,0,2,43.13,1,0.0,14.6642
2015-05-14,3,1,3,0,0,509.9575,5,0.15,41.9965
2015-05-14,3,1,3,0,2,122.91,3,0.0,34.4148
2015-05-14,3,1,3,0,1,97.568,2,0.2,-6.098
2015-05-14,3,1,3,0,1,722.352,3,0.2,81.2646
2016-05-30,3,1,3,0,2,167.84,8,0.0,11.7488
2014-04-08,3,0,1,0,3,172.11,1,0.4,-94.6605
2017-05-30,3,2,3,0,2,13.592,1,0.2,-0.3398
2016-03-13,2,1,1,0,1,386.68,2,0.3,-5.524
2017-04-10,3,0,1,0,2,36.672,3,0.2,6.4176
2016-06-25,2,0,0,0,1,85.246,2,0.3,-6.089
2016-06-25,2,0,0,0,2,32.712,2,0.6,-26.1696
2015-03-24,2,1,3,0,2,46.9,5,0.0,13.132
2017-09-02,3,0,3,0,3,236.528,2,0.2,-2.9566
2017-02-03,2,2,0,0,2,22.2,1,0.6,-26.085
2017-11-11,0,0,2,0,2,88.92,5,0.2,14.4495
2017-09-17,2,2,0,0,1,318.43,5,0.3,-77.333
2015-04-16,0,0,2,0,2,1196.86,7,0.0,119.686
2015-04-16,0,0,2,0,0,523.26,9,0.0,125.5824
2017-11-11,2,2,3,0,2,34.92,4,0.0,11.8728
2014-09-15,3,0,1,0,2,14.56,2,0.0,6.2608
2014-01-06,3,2,2,0,1,2573.82,9,0.0,746.4078
2014-12-15,2,1,1,0,1,445.802,7,0.3,-108.2662
2015-12-19,2,2,1,0,3,1053.164,4,0.3,-105.3164
2015-09-10,3,1,3,0,2,106.68,6,0.0,33.0708
2017-09-11,3,0,0,0,3,512.19,5,0.3,-65.853
2017-07-14,3,0,3,0,2,276.69,3,0.0,49.8042
2017-07-14,3,0,3,0,2,18.84,3,0.0,7.9128
2017-07-14,3,0,1,0,2,396.92,5,0.2,148.845
2016-09-05,3,0,1,0,1,85.246,2,0.3,-1.2178
2014-09-10,3,0,3,0,1,1487.04,5,0.2,148.704
2017-09-26,1,1,3,0,2,9.24,3,0.0,2.9568
2016-06-17,0,0,3,0,2,266.352,3,0.2,-13.3176
2016-06-17,0,0,3,0,1,483.136,4,0.2,54.3528
2017-02-25,3,0,2,0,1,196.784,2,0.2,-22.1382
2017-02-25,3,0,2,0,0,231.92,5,0.2,5.798
2017-12-03,3,0,0,0,2,13.592,2,0.6,-14.2716
2017-12-02,3,1,3,0,0,242.352,8,0.7,-363.528
2017-12-02,3,1,3,0,2,508.704,6,0.2,0.0
2017-12-02,3,1,3,0,1,906.68,5,0.2,68.001
2016-09-05,0,1,0,0,2,21.204,3,0.6,-11.6622
2014-05-10,2,0,1,0,0,349.965,7,0.5,-216.9783
2014-11-01,3,0,1,0,2,31.68,6,0.0,9.8208
2016-12-30,0,0,1,0,1,170.786,1,0.3,0.0
2016-09-03,3,0,0,0,0,198.744,4,0.3,0.0
2016-01-30,2,0,3,0,1,435.168,4,0.2,-59.8356
2016-01-30,2,0,3,0,0,48.58,1,0.0,7.7728
2014-10-21,3,1,2,0,3,591.32,4,0.0,112.3508
2016-12-18,0,2,0,0,1,563.94,3,0.0,112.788
2015-04-16,3,1,1,0,1,127.764,2,0.1,2.8392
2017-11-16,3,0,3,0,2,17.31,3,0.0,5.193
2016-09-05,3,0,1,0,2,58.248,9,0.2,11.6496
2016-09-05,3,0,1,0,1,71.246,2,0.3,-19.3382
2016-09-05,3,0,1,0,1,887.271,3,0.3,-63.3765
2016-05-27,3,0,0,0,2,25.176,3,0.6,-33.3582
2016-05-27,3,0,0,0,2,5.584,2,0.6,-1.6752
2015-08-24,2,0,1,0,2,14.91,3,0.0,4.6221
2017-10-27,0,1,3,0,3,189.576,1,0.2,9.4788
2014-11-25,3,0,3,0,1,725.344,4,0.2,54.4008
2015-05-23,2,2,0,0,2,75.33,9,0.0,19.5858
2014-03-30,0,2,0,0,1,127.302,7,0.3,-9.093
2017-12-29,2,0,2,0,1,1207.84,8,0.0,314.0384
2017-12-29,2,0,2,0,1,300.98,1,0.0,87.2842
2017-12-29,2,0,2,0,1,258.75,3,0.0,77.625
2017-03-02,3,1,1,0,0,441.96,2,0.0,101.6508
2015-04-05,3,1,3,0,1,892.224,3,0.2,89.2224
2016-03-15,0,1,3,0,1,1352.032,4,0.2,84.502
2015-12-27,3,1,1,0,3,1548.99,9,0.4,-464.697
2015-11-30,2,0,3,0,2,80.96,4,0.0,29.1456
2014-04-15,1,2,3,0,2,187.76,4,0.0,76.9816
2014-01-07,3,0,0,0,2,76.728,3,0.6,-53.7096
2014-10-22,3,1,2,0,2,129.92,4,0.0,10.3936
2015-11-27,2,2,1,0,0,170.98,1,0.0,32.4862
2015-11-27,2,2,1,0,2,38.97,3,0.0,4.6764
2015-11-27,2,2,1,0,3,446.068,4,0.3,0.0
2014-12-31,3,2,1,0,0,341.96,2,0.0,78.6508
2014-12-31,3,2,1,0,1,605.88,6,0.0,151.47
2016-11-25,3,1,0,0,3,1568.61,9,0.0,329.4081
2017-07-15,0,1,2,0,3,872.94,3,0.0,157.1292
2016-03-22,1,0,3,0,1,167.888,7,0.2,14.6902
2017-12-14,3,2,1,0,3,526.582,2,0.3,-52.6582
2016-08-26,3,0,0,0,3,447.84,4,0.0,98.5248
2017-10-28,2,0,2,0,2,77.952,3,0.2,15.5904
2015-09-10,3,1,0,0,1,179.886,1,0.3,-2.5698
2017-06-13,3,2,3,0,1,291.136,4,0.2,-25.4744
2015-06-18,3,0,2,0,2,60.84,3,0.0,19.4688
2015-11-30,0,1,2,0,2,17.088,2,0.2,1.068
2017-11-13,2,1,1,0,2,154.95,3,0.0,30.99
2017-08-12,1,1,1,0,1,1779.9,5,0.0,373.779
2016-11-04,2,1,2,0,3,876.3,10,0.4,-292.1
2016-05-17,0,0,0,0,2,22.608,3,0.6,-10.1736
2017-03-24,0,1,1,0,1,207.846,3,0.1,2.3094
2014-03-24,2,0,3,0,2,40.48,2,0.0,14.5728
2016-02-14,0,0,1,0,3,550.431,3,0.3,-47.1798
2016-02-14,0,0,1,0,2,10.56,6,0.0,4.6464
2017-06-08,0,2,3,0,0,1497.666,2,0.15,140.9568
2014-05-16,3,1,3,0,1,232.88,5,0.2,17.466
2015-02-03,3,1,1,0,1,90.882,1,0.1,15.147
2015-04-26,3,1,3,0,1,63.936,3,0.2,6.3936
2015-04-13,2,0,3,0,3,241.568,2,0.2,-15.098
2015-09-25,3,1,3,0,1,307.136,4,0.2,-11.5176
2014-03-28,3,0,0,0,3,1184.72,4,0.0,106.6248
2017-07-21,3,0,0,0,3,124.404,4,0.3,-21.3264
2016-02-27,3,0,0,0,2,16.192,2,0.6,-6.8816
2015-07-14,2,0,3,0,1,441.92,2,0.2,49.716
2015-07-14,2,0,3,0,0,127.764,6,0.7,-191.646
2016-10-03,3,2,3,0,1,915.136,4,0.2,102.9528
2016-11-29,2,2,0,0,2,242.176,4,0.6,-302.72
2016-06-14,3,1,1,0,3,337.176,2,0.4,-118.0116
2017-12-03,2,0,3,0,2,23.376,3,0.2,7.0128
2017-12-03,2,0,3,0,2,16.72,5,0.2,3.344
2017-12-03,2,0,3,0,2,16.192,1,0.2,4.6552
2016-12-25,3,0,2,0,2,343.85,5,0.0,137.54
2017-08-13,3,0,2,0,2,31.984,1,0.2,0.0
2017-08-13,3,0,2,0,1,423.648,2,0.2,47.6604
2016-12-03,3,0,3,0,3,268.704,3,0.2,6.7176
2016-12-03,3,0,3,0,0,205.666,2,0.15,-12.098
2016-04-28,2,0,0,0,2,30.344,2,0.6,-31.8612
2015-11-20,3,2,1,0,1,344.372,4,0.3,-93.4724
2017-11-20,2,1,1,0,2,50.97,3,0.0,9.1746
2017-07-25,0,2,0,0,3,298.116,6,0.3,-4.2588
2016-07-15,3,1,3,0,1,230.28,3,0.2,23.028
2016-12-14,0,1,3,0,1,81.424,2,0.2,-9.1602
2014-03-01,3,0,0,0,1,362.25,6,0.3,0.0
2014-03-01,3,0,0,0,2,63.552,6,0.6,-34.9536
2017-10-05,3,1,3,0,1,435.168,4,0.2,-59.8356
2017-10-05,3,1,3,0,2,72.9,5,0.0,26.973
2017-10-05,3,1,3,0,3,206.352,3,0.2,5.1588
2016-10-10,0,1,3,0,0,90.882,3,0.7,-190.8522
2016-10-10,0,1,3,0,1,120.784,1,0.2,13.5882
2015-08-16,3,1,1,0,2,254.352,3,0.2,0.0
2014-09-10,0,0,1,0,2,254.9,5,0.0,76.47
2015-11-20,2,0,3,0,0,145.764,6,0.7,-247.7988
2017-11-03,0,2,3,0,3,1673.184,12,0.2,20.9148
2014-05-04,0,1,3,0,2,12.18,7,0.0,3.8976
2014-12-01,0,0,1,0,2,45.84,3,0.0,15.5856
2014-12-01,0,0,1,0,2,9.82,2,0.0,3.2406
2015-11-17,3,0,0,0,1,1323.9,5,0.0,383.931
2017-05-25,1,0,1,0,2,18.84,3,0.0,6.0288
2014-09-09,0,2,1,0,2,60.672,6,0.2,12.8928
2014-07-21,3,1,0,0,1,657.93,5,0.3,-93.99
2015-09-11,2,1,1,0,2,210.68,2,0.0,50.5632
2016-01-07,3,0,0,0,2,23.076,3,0.6,-10.9611
2015-06-25,0,0,0,0,2,75.384,9,0.6,-20.7306
2017-06-30,2,0,3,0,0,435.999,3,0.15,5.1294
2017-08-21,2,1,3,0,1,388.704,6,0.2,38.8704
2017-03-11,3,2,1,0,2,26.72,1,0.0,11.7568
2014-09-26,3,1,1,0,2,21.184,1,0.2,4.7664
2015-08-28,3,0,3,0,0,307.666,2,0.15,28.9568
2015-08-28,3,0,3,0,2,4.16,2,0.0,1.7472
2015-10-20,3,1,3,0,2,16.02,6,0.0,6.0876
2017-01-01,3,0,0,0,2,141.42,5,0.6,-187.3815
2017-01-01,3,0,0,0,1,310.744,4,0.3,-26.6352
2015-06-23,3,1,2,0,2,27.42,3,0.0,9.3228
2016-10-20,3,2,2,0,2,61.1,5,0.0,18.33
2017-07-27,2,0,3,0,2,23.88,3,0.0,10.5072
2017-02-17,0,2,0,0,0,89.0664,1,0.32,-17.0274
2017-12-08,3,0,1,0,1,215.544,4,0.3,-58.5048
2017-11-18,3,0,0,0,1,127.386,2,0.3,-25.4772
2016-12-01,2,0,0,0,1,248.43,5,0.3,-17.745
2016-12-01,2,0,0,0,1,85.246,2,0.3,-1.2178
2017-08-29,3,1,3,0,2,148.02,3,0.0,41.4456
2017-07-22,3,0,0,0,1,526.344,4,0.3,-75.192
2016-11-11,3,0,3,0,2,41.96,2,0.0,10.9096
2016-11-11,3,0,3,0,1,451.152,3,0.2,0.0
2017-09-07,3,0,3,0,1,161.568,2,0.2,-28.2744
2017-08-26,3,0,0,0,2,64.96,5,0.6,-43.848
2015-10-08,3,1,0,0,2,72.78,3,0.6,-70.9605
2016-08-12,3,1,2,0,3,562.2925,7,0.45,-255.5875
2014-11-09,3,2,1,0,2,56.52,9,0.0,21.4776
2016-02-05,3,0,3,0,3,557.728,4,0.2,6.9716
2014-01-26,0,1,0,0,0,141.96,2,0.0,39.7488
2016-10-04,3,0,1,0,3,239.372,2,0.3,-23.9372
2016-02-16,3,0,1,0,1,227.96,2,0.0,36.4736
2015-11-02,3,0,3,0,2,96.96,6,0.0,33.936
2015-11-02,3,0,3,0,0,512.499,3,0.15,-30.147
2016-07-31,3,1,3,0,3,863.128,7,0.2,-32.3673
2017-11-06,3,2,3,0,3,2036.86,7,0.0,366.6348
2017-11-06,3,2,3,0,1,449.568,2,0.2,-73.0548
2015-08-02,3,0,3,0,3,277.5,4,0.5,-188.7
2015-11-21,3,0,1,0,3,1252.704,8,0.4,-480.2032
2017-05-18,3,1,0,0,2,22.608,3,0.6,-10.1736
2017-05-18,3,1,0,0,2,1.892,1,0.6,-0.9933
2015-09-13,2,0,0,0,1,170.072,4,0.3,-12.148
2017-11-17,3,0,1,0,2,187.76,4,0.0,76.9816
2015-11-30,0,0,2,0,2,335.744,2,0.2,25.1808
2015-11-08,1,1,1,0,2,11.82,3,0.0,4.728
2015-11-08,1,1,1,0,1,577.764,2,0.1,115.5528
2015-04-26,3,0,2,0,3,191.5155,1,0.45,-76.6062
2016-11-07,3,0,0,0,2,44.46,5,0.6,-17.784
2014-10-03,3,0,0,0,2,31.776,3,0.6,-19.0656
2016-04-04,2,2,1,0,2,82.64,2,0.0,7.4376
2016-06-30,2,0,2,0,0,1266.86,7,0.0,291.3778
2017-05-01,3,0,2,0,3,933.262,4,0.45,-458.1468
2017-05-01,3,0,2,0,1,2803.92,5,0.2,0.0
2017-10-20,1,0,2,0,2,43.936,4,0.2,6.0412
2014-08-12,3,0,3,0,2,85.44,3,0.0,31.6128
2015-03-05,2,0,0,0,2,4.712,2,0.6,-1.8848
2017-01-30,3,0,0,0,3,69.375,1,0.5,-47.175
2016-12-25,3,0,1,0,1,2563.056,8,0.1,313.2624
2016-10-20,3,1,3,0,1,387.136,4,0.2,4.8392
2017-05-09,0,1,2,0,1,207.0,3,0.2,25.875
2015-12-21,2,2,0,0,2,51.756,3,0.6,-33.6414
2015-07-05,3,1,2,0,2,4.928,2,0.2,0.7392
2017-07-26,3,1,3,0,1,362.352,3,0.2,45.294
2017-11-03,3,0,3,0,3,486.368,4,0.2,36.4776
2014-03-01,3,0,0,0,3,376.509,3,0.3,-43.0296
2017-01-26,3,0,2,0,2,62.72,4,0.0,24.4608
2014-07-12,3,2,0,0,1,512.358,3,0.3,-14.6388
2016-03-09,0,0,1,0,1,354.9,5,0.0,88.725
2017-04-13,3,1,3,0,1,436.704,6,0.2,-38.2116
2014-03-21,3,0,2,0,2,32.952,3,0.2,6.5904
2014-03-21,3,0,2,0,1,218.376,3,0.2,-10.9188
2015-04-30,3,1,1,0,2,31.4,5,0.0,13.188
2015-04-30,3,1,1,0,2,9.48,1,0.0,3.792
2015-04-30,3,1,1,0,2,24.3,5,0.0,10.449
2017-05-03,3,1,1,0,2,32.448,2,0.2,7.3008
2017-05-03,3,1,1,0,3,373.47,5,0.4,-112.041
2016-08-26,3,0,2,0,2,186.54,3,0.0,41.0388
2017-01-02,2,0,0,0,3,913.43,5,0.3,-169.637
2016-06-11,3,0,3,0,3,902.712,3,0.2,33.8517
2016-10-17,3,2,3,0,0,120.666,2,0.15,21.294
2016-11-24,3,2,3,0,2,82.26,3,0.0,33.7266
2016-02-08,3,1,0,0,1,241.5,4,0.3,0.0
2017-12-23,3,2,1,0,2,27.46,2,0.0,9.8856
2016-12-01,2,0,1,0,2,111.15,5,0.0,48.906
2016-12-01,2,0,1,0,3,366.009,3,0.3,-47.0583
2017-11-02,2,2,1,0,1,155.372,2,0.3,-35.5136
2015-12-05,2,0,1,0,1,164.646,3,0.1,12.8058
2017-07-08,3,1,1,0,2,83.92,4,0.0,5.8744
2017-07-08,3,1,1,0,2,39.98,2,0.0,9.1954
2016-11-15,1,1,2,0,3,630.024,4,0.4,-199.5076
2017-03-10,3,0,0,0,3,933.408,4,0.3,-173.3472
2017-05-09,0,2,3,0,3,286.85,1,0.0,63.107
2017-10-12,3,0,1,0,2,40.48,2,0.0,17.4064
2017-10-12,3,0,1,0,0,2154.9,5,0.0,129.294
2016-12-19,2,0,1,0,2,303.92,5,0.2,-30.392
2017-11-08,3,1,1,0,2,274.2,10,0.0,112.422
2014-09-14,2,1,0,0,2,9.96,5,0.6,-6.723
2017-10-23,0,1,1,0,3,240.744,4,0.3,-13.7568
2017-10-23,0,1,1,0,2,35.0,4,0.0,14.7
2017-10-23,0,1,1,0,2,210.68,2,0.0,50.5632
2017-10-23,0,1,1,0,3,637.896,3,0.3,-127.5792
2016-04-18,3,1,0,0,1,344.372,4,0.3,-93.4724
2016-04-18,3,1,0,0,2,127.88,5,0.6,-67.137
2017-05-28,2,1,0,0,1,106.869,3,0.3,-29.0073
2016-11-11,3,1,0,0,3,2678.94,6,0.0,241.1046
2017-04-23,3,2,2,0,0,387.136,4,0.2,-14.5176
2017-04-23,3,2,2,0,2,77.952,3,0.2,-11.6928
2017-09-24,1,0,3,0,2,199.8,10,0.0,71.928
2016-02-02,2,0,2,0,2,18.69,7,0.0,7.1022
2015-03-01,2,1,3,0,1,184.752,3,0.2,-20.7846
2016-05-02,3,0,0,0,1,366.744,4,0.3,-110.0232
2016-02-02,3,1,0,0,2,73.784,2,0.6,-77.4732
2017-06-04,2,0,0,0,2,30.336,6,0.6,-17.4432
2017-12-04,3,0,1,0,2,12.99,1,0.0,1.5588
2017-12-04,3,0,1,0,1,182.22,3,0.0,45.555
2017-12-04,3,0,1,0,1,302.94,3,0.0,18.1764
2016-01-11,3,2,1,0,2,54.992,14,0.2,8.9362
2017-03-16,1,0,1,0,2,51.264,6,0.2,7.6896
2017-11-10,3,2,3,0,1,241.424,2,0.2,-36.2136
2016-11-30,3,0,0,0,1,389.97,3,0.0,35.0973
2015-12-22,0,1,1,0,1,422.625,7,0.3,0.0
2016-03-27,3,1,2,0,2,20.24,1,0.0,8.7032
2016-03-27,3,1,2,0,2,39.92,4,0.0,11.1776
2015-09-11,0,1,3,0,2,24.64,4,0.2,4.004
2016-12-09,0,0,2,0,3,1056.86,7,0.0,158.529
2016-12-23,2,1,0,0,2,2.328,2,0.6,-0.7566
2016-04-02,2,1,0,0,1,1454.9,5,0.0,378.274
2017-04-30,3,2,2,0,2,220.704,6,0.2,-8.2764
2017-07-03,0,0,1,0,2,102.3,1,0.0,26.598
2017-12-22,3,0,0,0,3,607.52,2,0.0,97.2032
2014-05-20,2,1,0,0,2,10.332,3,0.6,-5.9409
2017-04-23,0,0,3,0,2,11.664,3,0.2,3.3534
2014-06-04,3,0,1,0,2,56.96,2,0.0,21.0752
2014-06-04,3,0,1,0,0,353.568,2,0.2,-44.196
2014-06-04,3,0,1,0,2,13.96,2,0.0,6.7008
2017-03-03,3,1,3,0,3,399.672,7,0.2,-14.9877
2017-11-06,2,0,0,0,2,30.56,5,0.6,-19.864
2015-09-07,3,1,1,0,3,481.176,2,0.4,-120.294
2016-07-28,0,0,1,0,0,177.45,5,0.5,-78.078
2017-08-25,3,0,1,0,0,130.98,2,0.5,-89.0664
2017-04-27,3,0,3,0,2,139.58,7,0.0,39.0824
2015-11-08,3,1,2,0,2,4.712,1,0.2,1.4136
2016-11-25,3,0,3,0,1,194.352,3,0.2,19.4352
2015-12-05,0,1,2,0,1,97.424,2,0.2,10.9602
2014-09-13,1,0,3,0,2,14.19,3,0.0,5.5341
2017-11-25,3,0,2,0,0,723.92,5,0.2,-81.441
2015-05-12,3,0,0,0,2,21.968,4,0.6,-15.9268
2017-03-30,2,0,3,0,2,94.2,5,0.0,39.564
2014-12-27,2,0,1,0,2,182.352,3,0.2,-18.2352
2017-02-16,3,0,0,0,1,600.558,3,0.3,-8.5794
2017-02-16,3,0,0,0,2,7.692,1,0.6,-3.6537
2017-10-24,0,0,0,0,3,517.405,5,0.3,-81.3065
2017-09-15,2,2,3,0,3,300.904,1,0.2,11.2839
2017-06-15,3,1,2,0,2,31.168,4,0.2,9.3504
2017-06-15,3,1,2,0,3,120.96,2,0.4,-28.224
2014-09-08,3,2,1,0,1,172.764,2,0.1,13.4372
2014-11-16,0,1,3,0,0,305.9745,3,0.15,25.1979
2014-03-03,3,0,3,0,3,626.352,3,0.2,-23.4882
2015-12-03,3,0,3,0,0,359.499,3,0.15,-29.6058
2016-06-12,2,2,0,0,2,6.984,2,0.6,-4.5396
2016-06-12,2,2,0,0,1,379.372,2,0.3,-119.2312
2015-12-27,3,1,2,0,2,53.352,3,0.2,16.0056
2015-12-27,3,1,2,0,0,131.104,2,0.2,8.194
2017-06-27,2,1,3,0,2,126.3,3,0.0,40.416
2015-10-02,0,0,3,0,2,11.032,1,0.2,3.0338
2017-02-02,3,1,3,0,2,210.58,2,0.0,12.6348
2016-07-22,3,1,1,0,2,27.42,3,0.0,9.3228
2016-09-12,1,2,3,0,1,83.136,4,0.2,5.196
2016-07-02,0,1,0,0,1,528.43,5,0.3,0.0
2017-12-13,3,1,1,0,0,287.976,3,0.2,7.1994
2015-03-01,0,1,0,0,0,1227.9984,6,0.32,-36.1176
2016-09-15,3,1,3,0,3,1128.39,3,0.0,259.5297
2017-06-15,3,0,2,0,1,698.352,3,0.2,52.3764
2017-06-15,3,0,2,0,0,77.728,2,0.2,-3.8864
2016-11-10,0,0,0,0,0,341.96,2,0.0,54.7136
2016-09-12,3,1,1,0,2,40.48,2,0.0,14.5728
2015-07-26,3,1,3,0,1,266.352,3,0.2,13.3176
2015-11-15,3,2,2,0,2,39.96,2,0.0,14.3856
2015-07-02,0,1,2,0,2,159.84,10,0.2,45.954
2015-09-11,3,2,1,0,2,8.92,4,0.0,3.9248
2014-09-20,0,0,0,0,0,493.43,5,0.3,-70.49
2017-12-01,3,1,3,0,2,70.68,12,0.0,31.0992
2017-12-01,3,2,3,0,2,629.64,9,0.0,107.0388
2016-09-16,0,2,2,0,1,121.78,2,0.0,30.445
2015-12-01,3,2,3,0,1,2676.672,9,0.2,267.6672
2014-08-05,3,0,0,0,3,489.23,2,0.3,41.934
2016-08-15,3,0,3,0,2,312.03,3,0.0,43.6842
2016-05-31,3,0,0,0,2,32.064,3,0.6,-12.8256
2016-05-31,3,0,0,0,1,191.079,3,0.3,-38.2158
2014-04-02,3,1,2,0,2,177.68,2,0.0,46.1968
2016-10-04,3,1,2,0,2,11.568,3,0.2,2.6028
2016-01-30,3,0,0,0,3,626.1,3,0.5,-538.446
2015-04-13,3,0,0,0,3,609.98,4,0.3,-113.282
2015-04-13,3,0,0,0,3,211.372,2,0.3,-45.294
2017-12-18,3,1,0,0,2,99.95,5,0.0,22.9885
2016-03-14,3,1,0,0,2,16.74,2,0.0,4.3524
2017-10-10,3,0,0,0,1,239.358,3,0.3,-47.8716
2017-12-22,3,0,2,0,3,934.956,6,0.4,-249.3216
2014-08-08,2,0,2,0,0,155.456,4,0.2,-7.7728
2017-12-25,0,0,2,0,2,21.0,3,0.2,5.775
2017-11-25,3,0,0,0,1,853.93,5,0.3,-24.398
2016-11-05,0,0,2,0,2,273.96,2,0.0,71.2296
2016-11-05,0,0,2,0,2,756.8,5,0.0,75.68
2016-11-03,3,2,1,0,1,470.155,7,0.3,-13.433
2017-03-24,3,0,1,0,1,271.764,2,0.1,60.392
2017-04-25,2,0,3,0,0,344.981,7,0.15,28.4102
2017-11-23,0,1,0,0,3,127.785,1,0.3,-31.0335
2016-03-06,3,0,0,0,2,159.04,5,0.6,-194.824
2016-03-06,3,0,0,0,3,145.98,2,0.5,-99.2664
2015-12-03,3,0,2,0,2,77.952,3,0.2,12.6672
2015-12-24,3,1,0,0,2,9.68,2,0.0,3.7752
2017-10-16,3,1,2,0,3,1875.258,7,0.4,-968.8833
2017-05-13,3,2,1,0,1,458.43,5,0.3,-124.431
2017-11-18,1,1,0,0,2,5.82,2,0.0,2.7354
2016-02-21,0,1,1,0,2,135.8,7,0.0,66.542
2014-12-16,2,0,2,0,2,29.46,6,0.0,9.7218
2016-08-22,0,2,3,0,2,98.328,3,0.2,9.8328
2015-06-29,0,0,1,0,1,117.882,1,0.1,1.3098
2016-06-26,3,1,1,0,2,37.74,3,0.0,12.8316
2016-09-17,3,0,1,0,2,14.82,3,0.0,6.2244
2016-09-17,3,0,1,0,2,191.82,3,0.0,61.3824
2017-09-01,1,1,3,0,3,283.56,4,0.0,45.3696
2017-06-22,3,2,0,0,1,487.96,2,0.0,146.388
2014-09-19,3,1,3,0,3,73.915,1,0.5,-45.8273
2014-09-28,3,0,2,0,2,337.088,4,0.2,16.8544
2015-11-02,0,2,1,0,1,2621.322,11,0.1,553.3902
2015-10-20,3,0,3,0,2,74.76,7,0.0,23.9232
2015-10-20,3,0,3,0,3,364.776,3,0.2,27.3582
2016-06-14,3,1,3,0,3,1115.17,7,0.0,334.551
2016-09-02,2,0,3,0,1,215.976,3,0.2,-2.6997
2017-12-04,0,1,1,0,2,11.352,3,0.2,2.6961
2016-02-16,3,0,2,0,2,318.08,4,0.0,34.9888
2016-09-26,3,1,0,0,1,454.965,5,0.3,-136.4895
2015-06-28,2,1,1,0,0,482.94,6,0.5,-376.6932
2015-11-07,3,0,0,0,2,64.96,5,0.6,-84.448
2017-01-19,2,0,1,0,2,31.968,2,0.2,6.3936
2017-01-19,2,0,1,0,1,887.271,3,0.3,-63.3765
2016-08-18,2,2,0,0,2,9.552,3,0.6,-3.8208
2016-08-18,2,2,0,0,2,5.344,4,0.6,-2.1376
2016-03-24,2,0,1,0,0,301.47,3,0.5,-241.176
2017-05-28,3,1,1,0,2,27.46,2,0.0,9.8856
2016-08-01,2,0,1,0,2,19.312,2,0.2,3.1382
2016-12-08,3,0,0,0,0,405.86,7,0.0,32.4688
2016-12-08,3,0,0,0,1,680.01,3,0.0,176.8026
2016-12-01,1,2,3,0,2,31.96,2,0.0,1.598
2017-08-07,3,0,3,0,2,51.75,1,0.0,15.525
2017-08-07,3,0,3,0,1,207.184,1,0.2,25.898
2014-05-10,3,0,3,0,1,256.784,1,0.2,32.098
2016-10-17,0,0,1,0,0,120.98,1,0.0,12.098
2014-12-08,3,1,3,0,2,39.88,2,0.0,11.1664
2014-12-08,3,1,3,0,2,79.44,3,0.0,28.5984
2015-08-16,3,0,1,0,0,301.47,3,0.5,-204.9996
2017-10-13,0,0,2,0,3,1504.52,4,0.0,346.0396
2016-09-02,3,0,3,0,2,94.68,9,0.0,31.2444
2016-09-02,3,0,3,0,3,568.728,3,0.2,28.4364
2017-02-11,0,0,1,0,2,147.568,2,0.2,-3.6892
2014-07-09,3,2,3,0,0,119.833,1,0.15,7.049
2014-02-11,2,0,0,0,1,60.89,1,0.0,15.2225
2014-02-11,2,0,0,0,2,332.94,3,0.0,53.2704
2017-09-02,1,2,3,0,1,215.976,3,0.2,-2.6997
2015-10-09,3,0,0,0,1,389.97,3,0.0,35.0973
2014-02-08,0,2,3,0,2,14.56,2,0.0,5.5328
2015-09-25,1,0,1,0,1,102.582,1,0.1,6.8388
2016-05-12,3,1,1,0,2,10.02,3,0.0,4.4088
2017-12-01,3,0,1,0,1,398.972,2,0.3,-28.498
2016-09-20,3,2,3,0,0,163.88,2,0.0,40.97
2014-11-18,3,1,0,0,1,392.94,3,0.0,43.2234
2015-11-21,0,0,2,0,2,18.176,1,0.2,4.7712
2017-06-19,3,2,0,0,3,457.485,3,0.3,-84.9615
2017-11-30,0,0,1,0,1,1079.316,6,0.3,-15.4188
2017-05-28,3,1,1,0,0,115.96,4,0.5,-64.9376
2015-04-18,2,1,0,0,1,56.686,1,0.3,-20.245
2017-07-20,3,1,1,0,1,163.764,2,0.1,25.4744
2017-07-20,3,1,1,0,2,183.92,4,0.0,31.2664
2016-11-04,3,0,0,0,2,11.376,3,0.6,-5.688
2016-11-04,3,0,0,0,2,66.112,4,0.6,-84.2928
2017-09-23,3,0,3,0,1,594.816,2,0.2,59.4816
2017-09-07,0,0,3,0,2,80.96,4,0.0,34.8128
2017-05-01,0,0,2,0,0,314.352,3,0.2,-15.7176
2017-02-17,0,2,1,0,3,455.97,5,0.4,-106.393
2017-02-17,0,2,1,0,2,30.144,2,0.2,8.2896
2017-02-17,0,2,1,0,1,899.43,5,0.3,-12.849
2016-12-22,3,0,3,0,2,842.72,8,0.0,202.2528
2016-12-22,3,0,3,0,2,41.96,2,0.0,10.9096
2016-09-23,3,1,3,0,1,184.752,3,0.2,-20.7846
2017-09-24,0,0,0,0,1,520.464,2,0.3,-14.8704
2016-01-25,2,1,1,0,3,313.722,3,0.4,-99.3453
2016-01-25,2,1,1,0,2,45.98,1,0.0,7.8166
2017-03-21,3,2,3,0,2,22.14,3,0.0,6.4206
2017-11-07,2,1,1,0,1,272.97,3,0.0,43.6752
2015-05-29,0,1,1,0,2,41.568,4,0.2,-4.1568
2015-05-29,0,1,1,0,1,317.058,3,0.3,-86.0586
2014-12-23,2,0,2,0,1,64.784,1,0.2,6.4784
2017-08-27,3,0,3,0,2,120.576,8,0.2,33.1584
2015-10-25,1,1,3,0,1,582.336,8,0.2,-29.1168
2014-09-20,0,0,1,0,1,631.782,2,0.1,140.396
2014-09-20,0,0,1,0,0,801.568,2,0.2,-10.0196
2014-06-24,3,0,3,0,2,4.272,2,0.2,0.9612
2016-08-12,2,0,1,0,3,209.148,2,0.4,-66.2302
2017-09-22,2,0,1,0,2,12.07,1,0.0,3.9831
2017-12-10,0,0,1,0,2,87.92,5,0.2,15.386
2015-01-27,0,0,3,0,1,2803.92,5,0.2,0.0
2015-10-18,3,0,3,0,2,10.11,3,0.0,3.2352
2014-09-12,2,0,1,0,1,3785.292,6,0.1,420.588
2014-11-27,3,1,1,0,2,199.9,5,0.0,39.98
2014-05-11,3,1,0,0,1,1212.96,8,0.3,-69.312
2015-08-28,3,1,0,0,3,103.481,1,0.3,-16.2613
2017-05-27,3,0,0,0,2,477.3,5,0.0,138.417
2017-11-25,2,1,2,0,1,701.96,2,0.0,168.4704
2016-11-19,3,1,3,0,2,31.96,2,0.0,1.598
2017-11-05,2,0,1,0,3,166.5,2,0.4,-66.6
2017-11-05,2,0,1,0,1,128.124,2,0.1,24.2012
2017-11-05,2,0,1,0,2,101.4,5,0.0,38.532
2015-05-31,2,1,0,0,2,51.56,2,0.6,-61.872
2016-12-02,2,1,0,0,0,781.864,10,0.32,-137.976
2017-10-12,1,0,1,0,3,673.344,3,0.3,-76.9536
2016-01-03,3,1,0,0,3,1592.85,7,0.0,350.427
2016-05-26,3,0,0,0,2,26.94,3,0.0,11.3148
2015-11-20,3,0,3,0,2,32.04,3,0.0,8.01
2017-05-30,2,0,0,0,0,204.6664,1,0.32,-6.0196
2017-12-05,0,2,3,0,2,199.9,5,0.0,39.98
2016-10-27,3,0,1,0,1,427.644,14,0.1,80.7772
2017-06-12,2,0,0,0,2,8.856,3,0.6,-6.8634
2016-09-25,0,1,3,0,0,477.666,2,0.15,84.294
2015-05-11,2,2,3,0,1,191.968,7,0.2,16.7972
2015-08-06,3,1,0,0,0,369.1992,3,0.32,-114.0174
2016-09-22,3,1,3,0,2,68.432,7,0.2,8.554
2015-11-28,3,0,1,0,2,71.12,5,0.2,9.779
2014-10-17,2,0,0,0,2,5.312,2,0.6,-1.5936
2016-05-03,0,0,1,0,2,51.968,2,0.2,10.3936
2014-03-31,1,0,2,0,1,1125.488,7,0.2,98.4802
2015-08-13,1,0,3,0,2,31.56,3,0.0,10.4148
2015-05-26,2,0,0,0,1,105.686,1,0.3,-28.6862
2015-05-26,2,0,0,0,1,104.93,5,0.3,-4.497
2017-09-14,0,2,1,0,1,589.41,5,0.1,-6.549
2017-06-25,2,0,1,0,0,400.784,1,0.2,-5.0098
2016-07-28,3,2,0,0,2,24.7,5,0.6,-9.88
2016-07-28,3,2,0,0,2,302.72,5,0.6,-378.4
2015-09-19,3,2,3,0,2,60.84,3,0.0,19.4688
2016-06-17,3,1,1,0,3,376.866,3,0.4,-213.5574
2016-05-16,2,0,3,0,2,282.84,4,0.0,19.7988
2017-06-29,0,0,0,0,3,307.314,3,0.3,-39.5118
2017-06-29,0,0,0,0,0,409.9992,3,0.32,-96.4704
2014-10-14,0,0,1,0,1,1628.82,9,0.0,260.6112
2014-11-18,3,1,3,0,2,137.54,2,0.0,55.016
2014-11-18,3,1,3,0,3,730.2,4,0.0,94.926
2015-01-28,2,0,2,0,3,4297.644,13,0.4,-1862.3124
2014-03-07,3,1,3,0,1,436.704,6,0.2,21.8352
2014-03-07,3,1,3,0,1,481.568,2,0.2,54.1764
2016-11-26,3,0,3,0,0,3406.664,8,0.15,160.3136
2016-11-26,3,0,3,0,2,595.38,6,0.0,297.69
2014-09-22,3,0,1,0,2,97.44,3,0.0,35.0784
2014-09-22,3,0,1,0,1,579.528,4,0.1,83.7096
2017-11-16,3,0,3,0,2,119.94,3,0.0,23.988
2017-11-16,3,0,3,0,2,12.42,3,0.0,4.4712
2016-05-06,3,0,3,0,2,41.6,4,0.0,14.144
2017-12-13,3,0,3,0,2,201.04,8,0.0,54.2808
2015-11-13,3,0,0,0,0,613.9992,3,0.32,-18.0588
2016-03-11,1,2,1,0,2,30.336,4,0.2,9.48
2016-10-21,3,0,3,0,1,242.136,3,0.2,12.1068
2016-10-21,3,0,3,0,2,19.96,2,0.0,5.5888
2014-11-05,3,0,1,0,2,273.568,2,0.2,-34.196
2016-09-22,3,1,0,0,2,18.96,2,0.0,7.584
2016-02-16,3,0,1,0,1,326.646,3,0.1,39.9234
2014-08-20,3,1,2,0,1,500.24,13,0.0,145.0696
2015-11-08,3,1,1,0,0,4404.9,5,0.0,1013.127
2017-11-24,1,0,3,0,3,364.08,2,0.2,9.102
2017-11-24,1,0,3,0,3,71.088,2,0.2,-1.7772
2014-11-11,3,0,0,0,2,10.984,2,0.6,-7.9634
2014-11-11,3,0,0,0,1,797.944,4,0.3,-56.996
2017-03-27,2,0,2,0,3,292.1,2,0.0,58.42
2016-10-31,3,1,3,0,1,1403.92,5,0.2,70.196
2016-11-24,3,2,2,0,0,339.92,5,0.2,8.498
2014-07-26,3,0,0,0,2,17.496,3,0.6,-10.0602
2015-05-31,2,1,1,0,2,8.28,2,0.0,2.9808
2014-11-05,1,0,2,0,1,149.9,5,0.0,40.473
2017-03-27,3,0,0,0,0,1023.332,5,0.32,-30.098
2017-03-27,3,0,0,0,1,600.558,3,0.3,-8.5794
2017-03-27,3,0,0,0,1,211.246,2,0.3,-66.3916
2014-05-21,2,0,0,0,1,107.772,2,0.3,-29.2524
2015-07-18,2,0,1,0,2,7.38,1,0.0,2.1402
2016-10-21,3,2,2,0,2,45.568,2,0.2,9.6832
2017-07-27,2,0,2,0,1,194.848,4,0.2,12.178
2015-06-08,3,1,2,0,2,173.208,7,0.2,45.4671
2014-08-15,3,0,3,0,1,195.136,4,0.2,-12.196
2017-07-16,3,0,2,0,1,242.352,3,0.2,15.147
2014-12-16,2,0,0,0,2,8.624,7,0.6,-2.5872
2016-10-10,0,0,0,0,2,14.0,4,0.6,-6.3
2016-09-25,3,0,3,0,1,483.136,4,0.2,60.392
2014-06-03,0,0,0,0,2,61.544,7,0.6,-40.0036
2017-09-02,2,2,3,0,2,511.5,5,0.0,132.99
2016-05-02,3,1,1,0,2,12.56,2,0.0,4.0192
2016-05-02,3,1,1,0,2,214.7,5,0.0,83.733
2017-06-19,3,0,3,0,2,50.32,4,0.0,21.1344
2015-03-26,3,1,3,0,3,3393.68,8,0.0,610.8624
2017-01-14,3,2,0,0,2,18.96,2,0.0,8.532
2014-11-01,0,1,1,0,2,68.704,2,0.2,16.3172
2016-08-21,3,0,1,0,1,573.174,7,0.1,63.686
2016-07-25,2,1,0,0,1,403.56,4,0.0,96.8544
2016-07-25,2,1,0,0,2,95.2,5,0.0,27.608
2016-06-06,3,0,1,0,2,466.32,3,0.2,34.974
2016-06-06,3,0,1,0,2,82.64,2,0.2,0.0
2014-03-28,3,2,1,0,3,330.588,1,0.4,-143.2548
2017-08-21,3,0,3,0,2,22.752,3,0.2,7.11
2014-11-12,3,0,0,0,2,25.128,3,0.6,-6.9102
2015-09-13,0,1,3,0,2,131.88,7,0.0,55.3896
2015-09-13,0,1,3,0,1,717.72,3,0.2,71.772
2015-09-13,0,1,3,0,2,207.35,5,0.0,24.882
2015-09-13,0,1,3,0,2,44.67,3,0.0,12.0609
2015-10-10,0,1,3,0,1,362.136,3,0.2,-54.3204
2017-01-29,2,0,0,0,2,14.91,3,0.0,4.6221
2016-03-15,3,1,0,0,1,528.43,5,0.3,-143.431
2016-09-04,1,0,3,0,2,24.27,3,0.0,8.7372
2015-11-13,3,0,3,0,0,683.332,4,0.15,-40.196
2016-06-03,2,1,3,0,3,71.088,2,0.2,-1.7772
2016-12-12,3,1,1,0,2,60.35,5,0.0,19.9155
2017-06-01,2,1,0,0,1,1925.88,6,0.0,539.2464
2015-12-14,2,1,3,0,3,273.568,2,0.2,10.2588
2015-03-19,0,2,0,0,0,383.4656,4,0.32,-67.6704
2016-12-05,2,1,1,0,2,13.4,1,0.0,6.432
2015-09-06,2,0,2,0,3,85.98,1,0.0,22.3548
2014-01-21,2,0,2,0,2,25.248,3,0.2,4.1028
2017-02-26,3,0,3,0,2,91.96,2,0.0,15.6332
